trader_id,strategy_id,instrument_id,venue_order_id,position_id,account_id,last_trade_id,type,side,quantity,time_in_force,is_reduce_only,is_quote_quantity,filled_qty,liquidity_side,avg_px,slippage,commissions,emulation_trigger,status,contingency_type,order_list_id,linked_order_ids,parent_order_id,exec_algorithm_id,exec_algorithm_params,exec_spawn_id,tags,init_id,ts_init,ts_last
BACKTESTER-001,BollingerBandsStrategy-000,BTCUSD.CRYPTO,CRYPTO-1-001,BTCUSD.CRYPTO-BollingerBandsStrategy-000,CRYPTO-001,CRYPTO-1-024,MARKET,SELL,1,GTC,False,False,1,TAKER,133.2,0.0,['0.13 USD'],NO_TRIGGER,FILLED,NO_CONTINGENCY,,,,,,,,fbc97c24-c1f0-4d88-aec2-fe8359fb55fb,2013-05-24 00:00:00+00:00,2013-05-24 00:00:00+00:00
BACKTESTER-001,BollingerBandsStrategy-000,BTCUSD.CRYPTO,CRYPTO-1-002,BTCUSD.CRYPTO-BollingerBandsStrategy-000,CRYPTO-001,CRYPTO-1-039,MARKET,BUY,1,GTC,True,False,1,TAKER,111.5,0.0,['0.11 USD'],NO_TRIGGER,FILLED,NO_CONTINGENCY,,,,,,,,7bd2e9ce-d7ca-493c-9a90-52e2169bc29c,2013-06-07 00:00:00+00:00,2013-06-07 00:00:00+00:00
BACKTESTER-001,BollingerBandsStrategy-000,BTCUSD.CRYPTO,CRYPTO-1-003,BTCUSD.CRYPTO-BollingerBandsStrategy-000,CRYPTO-001,CRYPTO-1-040,MARKET,BUY,1,GTC,False,False,1,TAKER,111.5,0.0,['0.11 USD'],NO_TRIGGER,FILLED,NO_CONTINGENCY,,,,,,,,b432544a-60e1-4603-bb0e-a08650927cb7,2013-06-07 00:00:00+00:00,2013-06-07 00:00:00+00:00
BACKTESTER-001,BollingerBandsStrategy-000,BTCUSD.CRYPTO,CRYPTO-1-004,BTCUSD.CRYPTO-BollingerBandsStrategy-000,CRYPTO-001,CRYPTO-1-094,MARKET,SELL,1,GTC,True,False,1,TAKER,107.99,0.0,['0.11 USD'],NO_TRIGGER,FILLED,NO_CONTINGENCY,,,,,,,,6b92f6df-10f7-4837-b7f5-5a1a303f6218,2013-07-30 00:00:00+00:00,2013-07-30 00:00:00+00:00
BACKTESTER-001,BollingerBandsStrategy-000,BTCUSD.CRYPTO,CRYPTO-1-005,BTCUSD.CRYPTO-BollingerBandsStrategy-000,CRYPTO-001,CRYPTO-1-095,MARKET,SELL,1,GTC,False,False,1,TAKER,107.99,0.0,['0.11 USD'],NO_TRIGGER,FILLED,NO_CONTINGENCY,,,,,,,,9ca112f2-4b9c-41cb-98e3-bc43d84a1dd9,2013-07-30 00:00:00+00:00,2013-07-30 00:00:00+00:00
BACKTESTER-001,BollingerBandsStrategy-000,BTCUSD.CRYPTO,CRYPTO-1-006,BTCUSD.CRYPTO-BollingerBandsStrategy-000,CRYPTO-001,CRYPTO-1-160,MARKET,BUY,1,GTC,True,False,1,TAKER,114.13,0.0,['0.11 USD'],NO_TRIGGER,FILLED,NO_CONTINGENCY,,,,,,,,ca3a37cb-9770-43df-9e1c-c25693b810c7,2013-10-02 00:00:00+00:00,2013-10-02 00:00:00+00:00
BACKTESTER-001,BollingerBandsStrategy-000,BTCUSD.CRYPTO,CRYPTO-1-007,BTCUSD.CRYPTO-BollingerBandsStrategy-000,CRYPTO-001,CRYPTO-1-161,MARKET,BUY,1,GTC,False,False,1,TAKER,114.13,0.0,['0.11 USD'],NO_TRIGGER,FILLED,NO_CONTINGENCY,,,,,,,,5a4ec31a-44ed-47fa-a5ae-1ecfb4491713,2013-10-02 00:00:00+00:00,2013-10-02 00:00:00+00:00
BACKTESTER-001,BollingerBandsStrategy-000,BTCUSD.CRYPTO,CRYPTO-1-008,BTCUSD.CRYPTO-BollingerBandsStrategy-000,CRYPTO-001,CRYPTO-1-175,MARKET,SELL,1,GTC,True,False,1,TAKER,145.24,0.0,['0.15 USD'],NO_TRIGGER,FILLED,NO_CONTINGENCY,,,,,,,,86d79940-3820-4c09-aa31-a3830aa7daaf,2013-10-15 00:00:00+00:00,2013-10-15 00:00:00+00:00
BACKTESTER-001,BollingerBandsStrategy-000,BTCUSD.CRYPTO,CRYPTO-1-009,BTCUSD.CRYPTO-BollingerBandsStrategy-000,CRYPTO-001,CRYPTO-1-176,MARKET,SELL,1,GTC,False,False,1,TAKER,145.24,0.0,['0.15 USD'],NO_TRIGGER,FILLED,NO_CONTINGENCY,,,,,,,,cd7a8b47-8c6f-4ce6-b54e-4626228fa26d,2013-10-15 00:00:00+00:00,2013-10-15 00:00:00+00:00
BACKTESTER-001,BollingerBandsStrategy-000,BTCUSD.CRYPTO,CRYPTO-1-010,BTCUSD.CRYPTO-BollingerBandsStrategy-000,CRYPTO-001,CRYPTO-1-239,MARKET,BUY,1,GTC,True,False,1,TAKER,705.97,0.0,['0.71 USD'],NO_TRIGGER,FILLED,NO_CONTINGENCY,,,,,,,,c8074a07-2891-4c36-88b5-2f9ea60675cc,2013-12-16 00:00:00+00:00,2013-12-16 00:00:00+00:00
BACKTESTER-001,BollingerBandsStrategy-000,BTCUSD.CRYPTO,CRYPTO-1-011,BTCUSD.CRYPTO-BollingerBandsStrategy-000,CRYPTO-001,CRYPTO-1-240,MARKET,BUY,1,GTC,False,False,1,TAKER,705.97,0.0,['0.71 USD'],NO_TRIGGER,FILLED,NO_CONTINGENCY,,,,,,,,96f8e39b-a74a-4a0d-92e6-79438ec49e7d,2013-12-16 00:00:00+00:00,2013-12-16 00:00:00+00:00
BACKTESTER-001,BollingerBandsStrategy-000,BTCUSD.CRYPTO,CRYPTO-1-012,BTCUSD.CRYPTO-BollingerBandsStrategy-000,CRYPTO-001,CRYPTO-1-260,MARKET,SELL,1,GTC,True,False,1,TAKER,859.51,0.0,['0.86 USD'],NO_TRIGGER,FILLED,NO_CONTINGENCY,,,,,,,,c9bea25f-1e46-40a5-ac97-4373054791b5,2014-01-04 00:00:00+00:00,2014-01-04 00:00:00+00:00
BACKTESTER-001,BollingerBandsStrategy-000,BTCUSD.CRYPTO,CRYPTO-1-013,BTCUSD.CRYPTO-BollingerBandsStrategy-000,CRYPTO-001,CRYPTO-1-261,MARKET,SELL,1,GTC,False,False,1,TAKER,859.51,0.0,['0.86 USD'],NO_TRIGGER,FILLED,NO_CONTINGENCY,,,,,,,,8d2b3154-6281-4a25-9d93-9cf23b9256f3,2014-01-04 00:00:00+00:00,2014-01-04 00:00:00+00:00
BACKTESTER-001,BollingerBandsStrategy-000,BTCUSD.CRYPTO,CRYPTO-1-014,BTCUSD.CRYPTO-BollingerBandsStrategy-000,CRYPTO-001,CRYPTO-1-285,MARKET,BUY,1,GTC,True,False,1,TAKER,771.39,0.0,['0.77 USD'],NO_TRIGGER,FILLED,NO_CONTINGENCY,,,,,,,,ffcb2eac-098d-46f1-a34a-57636ddea94d,2014-01-27 00:00:00+00:00,2014-01-27 00:00:00+00:00
BACKTESTER-001,BollingerBandsStrategy-000,BTCUSD.CRYPTO,CRYPTO-1-015,BTCUSD.CRYPTO-BollingerBandsStrategy-000,CRYPTO-001,CRYPTO-1-286,MARKET,BUY,1,GTC,False,False,1,TAKER,771.39,0.0,['0.77 USD'],NO_TRIGGER,FILLED,NO_CONTINGENCY,,,,,,,,ca71a51f-6e8d-43b2-adf9-a84330a5f1c9,2014-01-27 00:00:00+00:00,2014-01-27 00:00:00+00:00
BACKTESTER-001,BollingerBandsStrategy-000,BTCUSD.CRYPTO,CRYPTO-1-016,BTCUSD.CRYPTO-BollingerBandsStrategy-000,CRYPTO-001,CRYPTO-1-366,MARKET,SELL,1,GTC,True,False,1,TAKER,527.4,0.0,['0.53 USD'],NO_TRIGGER,FILLED,NO_CONTINGENCY,,,,,,,,d3f795fe-4d18-4ed0-a818-d77a28a1cc48,2014-04-16 00:00:00+00:00,2014-04-16 00:00:00+00:00
BACKTESTER-001,BollingerBandsStrategy-000,BTCUSD.CRYPTO,CRYPTO-1-017,BTCUSD.CRYPTO-BollingerBandsStrategy-000,CRYPTO-001,CRYPTO-1-367,MARKET,SELL,1,GTC,False,False,1,TAKER,527.4,0.0,['0.53 USD'],NO_TRIGGER,FILLED,NO_CONTINGENCY,,,,,,,,932a91d4-b348-4612-8cbc-f48c47661d0a,2014-04-16 00:00:00+00:00,2014-04-16 00:00:00+00:00
BACKTESTER-001,BollingerBandsStrategy-000,BTCUSD.CRYPTO,CRYPTO-1-018,BTCUSD.CRYPTO-BollingerBandsStrategy-000,CRYPTO-001,CRYPTO-1-467,MARKET,BUY,1,GTC,True,False,1,TAKER,601.73,0.0,['0.60 USD'],NO_TRIGGER,FILLED,NO_CONTINGENCY,,,,,,,,2f3c1d9c-ed9b-41e7-b1a7-dcff1e34a910,2014-07-24 00:00:00+00:00,2014-07-24 00:00:00+00:00
BACKTESTER-001,BollingerBandsStrategy-000,BTCUSD.CRYPTO,CRYPTO-1-019,BTCUSD.CRYPTO-BollingerBandsStrategy-000,CRYPTO-001,CRYPTO-1-468,MARKET,BUY,1,GTC,False,False,1,TAKER,601.73,0.0,['0.60 USD'],NO_TRIGGER,FILLED,NO_CONTINGENCY,,,,,,,,69369f93-cfbe-4021-8085-522c7847aec3,2014-07-24 00:00:00+00:00,2014-07-24 00:00:00+00:00
BACKTESTER-001,BollingerBandsStrategy-000,BTCUSD.CRYPTO,CRYPTO-1-020,BTCUSD.CRYPTO-BollingerBandsStrategy-000,CRYPTO-001,CRYPTO-1-580,MARKET,SELL,1,GTC,True,False,1,TAKER,423.56,0.0,['0.42 USD'],NO_TRIGGER,FILLED,NO_CONTINGENCY,,,,,,,,5ed695a6-1b18-494e-9a60-1065daf2b62d,2014-11-12 00:00:00+00:00,2014-11-12 00:00:00+00:00
BACKTESTER-001,BollingerBandsStrategy-000,BTCUSD.CRYPTO,CRYPTO-1-021,BTCUSD.CRYPTO-BollingerBandsStrategy-000,CRYPTO-001,CRYPTO-1-581,MARKET,SELL,1,GTC,False,False,1,TAKER,423.56,0.0,['0.42 USD'],NO_TRIGGER,FILLED,NO_CONTINGENCY,,,,,,,,d16318d9-bdf1-451e-bfd1-626a16a42117,2014-11-12 00:00:00+00:00,2014-11-12 00:00:00+00:00
BACKTESTER-001,BollingerBandsStrategy-000,BTCUSD.CRYPTO,CRYPTO-1-022,BTCUSD.CRYPTO-BollingerBandsStrategy-000,CRYPTO-001,CRYPTO-1-609,MARKET,BUY,1,GTC,True,False,1,TAKER,352.22,0.0,['0.35 USD'],NO_TRIGGER,FILLED,NO_CONTINGENCY,,,,,,,,d78cb894-63ba-41b9-a70d-987078cbbe8f,2014-12-09 00:00:00+00:00,2014-12-09 00:00:00+00:00
BACKTESTER-001,BollingerBandsStrategy-000,BTCUSD.CRYPTO,CRYPTO-1-023,BTCUSD.CRYPTO-BollingerBandsStrategy-000,CRYPTO-001,CRYPTO-1-610,MARKET,BUY,1,GTC,False,False,1,TAKER,352.22,0.0,['0.35 USD'],NO_TRIGGER,FILLED,NO_CONTINGENCY,,,,,,,,0a3e5a89-fba5-465b-a9dc-6383f5a4c0b5,2014-12-09 00:00:00+00:00,2014-12-09 00:00:00+00:00
BACKTESTER-001,BollingerBandsStrategy-000,BTCUSD.CRYPTO,CRYPTO-1-024,BTCUSD.CRYPTO-BollingerBandsStrategy-000,CRYPTO-001,CRYPTO-1-693,MARKET,SELL,1,GTC,True,False,1,TAKER,260.2,0.0,['0.26 USD'],NO_TRIGGER,FILLED,NO_CONTINGENCY,,,,,,,,7c316d9b-5398-4d6e-ba4a-f5dae59706e8,2015-03-01 00:00:00+00:00,2015-03-01 00:00:00+00:00
BACKTESTER-001,BollingerBandsStrategy-000,BTCUSD.CRYPTO,CRYPTO-1-025,BTCUSD.CRYPTO-BollingerBandsStrategy-000,CRYPTO-001,CRYPTO-1-694,MARKET,SELL,1,GTC,False,False,1,TAKER,260.2,0.0,['0.26 USD'],NO_TRIGGER,FILLED,NO_CONTINGENCY,,,,,,,,072e059e-64ee-4a38-bdcf-5f9eb0932464,2015-03-01 00:00:00+00:00,2015-03-01 00:00:00+00:00
BACKTESTER-001,BollingerBandsStrategy-000,BTCUSD.CRYPTO,CRYPTO-1-026,BTCUSD.CRYPTO-BollingerBandsStrategy-000,CRYPTO-001,CRYPTO-1-718,MARKET,BUY,1,GTC,True,False,1,TAKER,245.6,0.0,['0.25 USD'],NO_TRIGGER,FILLED,NO_CONTINGENCY,,,,,,,,409dfad3-d365-4f65-b2e2-6f5301695b03,2015-03-24 00:00:00+00:00,2015-03-24 00:00:00+00:00
BACKTESTER-001,BollingerBandsStrategy-000,BTCUSD.CRYPTO,CRYPTO-1-027,BTCUSD.CRYPTO-BollingerBandsStrategy-000,CRYPTO-001,CRYPTO-1-719,MARKET,BUY,1,GTC,False,False,1,TAKER,245.6,0.0,['0.25 USD'],NO_TRIGGER,FILLED,NO_CONTINGENCY,,,,,,,,c9583ade-5beb-4601-be5d-c9c307a6c352,2015-03-24 00:00:00+00:00,2015-03-24 00:00:00+00:00
BACKTESTER-001,BollingerBandsStrategy-000,BTCUSD.CRYPTO,CRYPTO-1-028,BTCUSD.CRYPTO-BollingerBandsStrategy-000,CRYPTO-001,CRYPTO-1-760,MARKET,SELL,1,GTC,True,False,1,TAKER,240.36,0.0,['0.24 USD'],NO_TRIGGER,FILLED,NO_CONTINGENCY,,,,,,,,86896d36-f8bc-4efc-b432-9116d41284a0,2015-05-03 00:00:00+00:00,2015-05-03 00:00:00+00:00
BACKTESTER-001,BollingerBandsStrategy-000,BTCUSD.CRYPTO,CRYPTO-1-029,BTCUSD.CRYPTO-BollingerBandsStrategy-000,CRYPTO-001,CRYPTO-1-761,MARKET,SELL,1,GTC,False,False,1,TAKER,240.36,0.0,['0.24 USD'],NO_TRIGGER,FILLED,NO_CONTINGENCY,,,,,,,,c076b23b-d344-4fc1-b02a-e03f31a2fa08,2015-05-03 00:00:00+00:00,2015-05-03 00:00:00+00:00
BACKTESTER-001,BollingerBandsStrategy-000,BTCUSD.CRYPTO,CRYPTO-1-030,BTCUSD.CRYPTO-BollingerBandsStrategy-000,CRYPTO-001,CRYPTO-1-790,MARKET,BUY,1,GTC,True,False,1,TAKER,230.19,0.0,['0.23 USD'],NO_TRIGGER,FILLED,NO_CONTINGENCY,,,,,,,,1856e7f8-59f8-4d45-a50a-8133f7ff8778,2015-05-31 00:00:00+00:00,2015-05-31 00:00:00+00:00
BACKTESTER-001,BollingerBandsStrategy-000,BTCUSD.CRYPTO,CRYPTO-1-031,BTCUSD.CRYPTO-BollingerBandsStrategy-000,CRYPTO-001,CRYPTO-1-791,MARKET,BUY,1,GTC,False,False,1,TAKER,230.19,0.0,['0.23 USD'],NO_TRIGGER,FILLED,NO_CONTINGENCY,,,,,,,,7c033e04-7cd2-4bf8-8305-5b15bfe8b1be,2015-05-31 00:00:00+00:00,2015-05-31 00:00:00+00:00
BACKTESTER-001,BollingerBandsStrategy-000,BTCUSD.CRYPTO,CRYPTO-1-032,BTCUSD.CRYPTO-BollingerBandsStrategy-000,CRYPTO-001,CRYPTO-1-808,MARKET,SELL,1,GTC,True,False,1,TAKER,250.9,0.0,['0.25 USD'],NO_TRIGGER,FILLED,NO_CONTINGENCY,,,,,,,,e117c40d-c9f7-42c8-b8bd-3d0547d58431,2015-06-16 00:00:00+00:00,2015-06-16 00:00:00+00:00
BACKTESTER-001,BollingerBandsStrategy-000,BTCUSD.CRYPTO,CRYPTO-1-033,BTCUSD.CRYPTO-BollingerBandsStrategy-000,CRYPTO-001,CRYPTO-1-809,MARKET,SELL,1,GTC,False,False,1,TAKER,250.9,0.0,['0.25 USD'],NO_TRIGGER,FILLED,NO_CONTINGENCY,,,,,,,,bbf3551a-1efc-4246-b38c-629c9b7d96fe,2015-06-16 00:00:00+00:00,2015-06-16 00:00:00+00:00
BACKTESTER-001,BollingerBandsStrategy-000,BTCUSD.CRYPTO,CRYPTO-1-034,BTCUSD.CRYPTO-BollingerBandsStrategy-000,CRYPTO-001,CRYPTO-1-863,MARKET,BUY,1,GTC,True,False,1,TAKER,261.0,0.0,['0.26 USD'],NO_TRIGGER,FILLED,NO_CONTINGENCY,,,,,,,,9b1c391e-3bb0-474c-ac9b-0d9c5d16575b,2015-08-08 00:00:00+00:00,2015-08-08 00:00:00+00:00
BACKTESTER-001,BollingerBandsStrategy-000,BTCUSD.CRYPTO,CRYPTO-1-035,BTCUSD.CRYPTO-BollingerBandsStrategy-000,CRYPTO-001,CRYPTO-1-864,MARKET,BUY,1,GTC,False,False,1,TAKER,261.0,0.0,['0.26 USD'],NO_TRIGGER,FILLED,NO_CONTINGENCY,,,,,,,,6716f947-d434-42bd-a549-070cb268a43f,2015-08-08 00:00:00+00:00,2015-08-08 00:00:00+00:00
BACKTESTER-001,BollingerBandsStrategy-000,BTCUSD.CRYPTO,CRYPTO-1-036,BTCUSD.CRYPTO-BollingerBandsStrategy-000,CRYPTO-001,CRYPTO-1-894,MARKET,SELL,1,GTC,True,False,1,TAKER,239.84,0.0,['0.24 USD'],NO_TRIGGER,FILLED,NO_CONTINGENCY,,,,,,,,3959628f-7aaf-4b3c-af96-ffd766f3c04e,2015-09-06 00:00:00+00:00,2015-09-06 00:00:00+00:00
BACKTESTER-001,BollingerBandsStrategy-000,BTCUSD.CRYPTO,CRYPTO-1-037,BTCUSD.CRYPTO-BollingerBandsStrategy-000,CRYPTO-001,CRYPTO-1-895,MARKET,SELL,1,GTC,False,False,1,TAKER,239.84,0.0,['0.24 USD'],NO_TRIGGER,FILLED,NO_CONTINGENCY,,,,,,,,55150a0c-225c-46eb-a317-bf8f091b4691,2015-09-06 00:00:00+00:00,2015-09-06 00:00:00+00:00
BACKTESTER-001,BollingerBandsStrategy-000,BTCUSD.CRYPTO,CRYPTO-1-038,BTCUSD.CRYPTO-BollingerBandsStrategy-000,CRYPTO-001,CRYPTO-1-1027,MARKET,BUY,1,GTC,True,False,1,TAKER,364.33,0.0,['0.36 USD'],NO_TRIGGER,FILLED,NO_CONTINGENCY,,,,,,,,fa97c631-6c68-4f65-85f6-ed7a88f0e896,2016-01-15 00:00:00+00:00,2016-01-15 00:00:00+00:00
BACKTESTER-001,BollingerBandsStrategy-000,BTCUSD.CRYPTO,CRYPTO-1-039,BTCUSD.CRYPTO-BollingerBandsStrategy-000,CRYPTO-001,CRYPTO-1-1028,MARKET,BUY,1,GTC,False,False,1,TAKER,364.33,0.0,['0.36 USD'],NO_TRIGGER,FILLED,NO_CONTINGENCY,,,,,,,,0a5946e4-31f2-413e-b086-a20220dd257a,2016-01-15 00:00:00+00:00,2016-01-15 00:00:00+00:00
BACKTESTER-001,BollingerBandsStrategy-000,BTCUSD.CRYPTO,CRYPTO-1-040,BTCUSD.CRYPTO-BollingerBandsStrategy-000,CRYPTO-001,CRYPTO-1-1059,MARKET,SELL,1,GTC,True,False,1,TAKER,407.23,0.0,['0.41 USD'],NO_TRIGGER,FILLED,NO_CONTINGENCY,,,,,,,,bca67b5c-be4e-4015-aa33-67168266ba35,2016-02-14 00:00:00+00:00,2016-02-14 00:00:00+00:00
BACKTESTER-001,BollingerBandsStrategy-000,BTCUSD.CRYPTO,CRYPTO-1-041,BTCUSD.CRYPTO-BollingerBandsStrategy-000,CRYPTO-001,CRYPTO-1-1060,MARKET,SELL,1,GTC,False,False,1,TAKER,407.23,0.0,['0.41 USD'],NO_TRIGGER,FILLED,NO_CONTINGENCY,,,,,,,,dc168118-3419-48bf-bf70-c73ebfde63d3,2016-02-14 00:00:00+00:00,2016-02-14 00:00:00+00:00
BACKTESTER-001,BollingerBandsStrategy-000,BTCUSD.CRYPTO,CRYPTO-1-042,BTCUSD.CRYPTO-BollingerBandsStrategy-000,CRYPTO-001,CRYPTO-1-1081,MARKET,BUY,1,GTC,True,False,1,TAKER,400.57,0.0,['0.40 USD'],NO_TRIGGER,FILLED,NO_CONTINGENCY,,,,,,,,085efbdd-63d4-4499-aad7-a2e07fa2cff7,2016-03-05 00:00:00+00:00,2016-03-05 00:00:00+00:00
BACKTESTER-001,BollingerBandsStrategy-000,BTCUSD.CRYPTO,CRYPTO-1-043,BTCUSD.CRYPTO-BollingerBandsStrategy-000,CRYPTO-001,CRYPTO-1-1082,MARKET,BUY,1,GTC,False,False,1,TAKER,400.57,0.0,['0.40 USD'],NO_TRIGGER,FILLED,NO_CONTINGENCY,,,,,,,,15bb8f58-28c6-4afd-808b-636d1e821371,2016-03-05 00:00:00+00:00,2016-03-05 00:00:00+00:00
BACKTESTER-001,BollingerBandsStrategy-000,BTCUSD.CRYPTO,CRYPTO-1-044,BTCUSD.CRYPTO-BollingerBandsStrategy-000,CRYPTO-001,CRYPTO-1-1105,MARKET,SELL,1,GTC,True,False,1,TAKER,426.77,0.0,['0.43 USD'],NO_TRIGGER,FILLED,NO_CONTINGENCY,,,,,,,,012f24f5-03a8-4a5b-92be-48d25f2d2e18,2016-03-27 00:00:00+00:00,2016-03-27 00:00:00+00:00
BACKTESTER-001,BollingerBandsStrategy-000,BTCUSD.CRYPTO,CRYPTO-1-045,BTCUSD.CRYPTO-BollingerBandsStrategy-000,CRYPTO-001,CRYPTO-1-1106,MARKET,SELL,1,GTC,False,False,1,TAKER,426.77,0.0,['0.43 USD'],NO_TRIGGER,FILLED,NO_CONTINGENCY,,,,,,,,33e30007-57e9-4aab-866a-b6d4f37e1f90,2016-03-27 00:00:00+00:00,2016-03-27 00:00:00+00:00
BACKTESTER-001,BollingerBandsStrategy-000,BTCUSD.CRYPTO,CRYPTO-1-046,BTCUSD.CRYPTO-BollingerBandsStrategy-000,CRYPTO-001,CRYPTO-1-1160,MARKET,BUY,1,GTC,True,False,1,TAKER,438.71,0.0,['0.44 USD'],NO_TRIGGER,FILLED,NO_CONTINGENCY,,,,,,,,4e37b9b3-51a2-4f71-9aa9-766567c4c041,2016-05-19 00:00:00+00:00,2016-05-19 00:00:00+00:00
BACKTESTER-001,BollingerBandsStrategy-000,BTCUSD.CRYPTO,CRYPTO-1-047,BTCUSD.CRYPTO-BollingerBandsStrategy-000,CRYPTO-001,CRYPTO-1-1161,MARKET,BUY,1,GTC,False,False,1,TAKER,438.71,0.0,['0.44 USD'],NO_TRIGGER,FILLED,NO_CONTINGENCY,,,,,,,,34868221-08dc-419f-b2a7-1094dae9f8d2,2016-05-19 00:00:00+00:00,2016-05-19 00:00:00+00:00
BACKTESTER-001,BollingerBandsStrategy-000,BTCUSD.CRYPTO,CRYPTO-1-048,BTCUSD.CRYPTO-BollingerBandsStrategy-000,CRYPTO-001,CRYPTO-1-1170,MARKET,SELL,1,GTC,True,False,1,TAKER,473.46,0.0,['0.47 USD'],NO_TRIGGER,FILLED,NO_CONTINGENCY,,,,,,,,33b48bc0-de4c-469a-aad7-86a970312647,2016-05-27 00:00:00+00:00,2016-05-27 00:00:00+00:00
BACKTESTER-001,BollingerBandsStrategy-000,BTCUSD.CRYPTO,CRYPTO-1-049,BTCUSD.CRYPTO-BollingerBandsStrategy-000,CRYPTO-001,CRYPTO-1-1171,MARKET,SELL,1,GTC,False,False,1,TAKER,473.46,0.0,['0.47 USD'],NO_TRIGGER,FILLED,NO_CONTINGENCY,,,,,,,,1cb97209-f2d9-4f3f-bd5d-c47e877bffe5,2016-05-27 00:00:00+00:00,2016-05-27 00:00:00+00:00
BACKTESTER-001,BollingerBandsStrategy-000,BTCUSD.CRYPTO,CRYPTO-1-050,BTCUSD.CRYPTO-BollingerBandsStrategy-000,CRYPTO-001,CRYPTO-1-1237,MARKET,BUY,1,GTC,True,False,1,TAKER,624.68,0.0,['0.62 USD'],NO_TRIGGER,FILLED,NO_CONTINGENCY,,,,,,,,6f35a115-8673-4635-a267-ca17c1d05131,2016-07-31 00:00:00+00:00,2016-07-31 00:00:00+00:00
BACKTESTER-001,BollingerBandsStrategy-000,BTCUSD.CRYPTO,CRYPTO-1-051,BTCUSD.CRYPTO-BollingerBandsStrategy-000,CRYPTO-001,CRYPTO-1-1238,MARKET,BUY,1,GTC,False,False,1,TAKER,624.68,0.0,['0.62 USD'],NO_TRIGGER,FILLED,NO_CONTINGENCY,,,,,,,,6bbd1e94-55a4-4375-98e2-0926c3936447,2016-07-31 00:00:00+00:00,2016-07-31 00:00:00+00:00
BACKTESTER-001,BollingerBandsStrategy-000,BTCUSD.CRYPTO,CRYPTO-1-052,BTCUSD.CRYPTO-BollingerBandsStrategy-000,CRYPTO-001,CRYPTO-1-1273,MARKET,SELL,1,GTC,True,False,1,TAKER,598.21,0.0,['0.60 USD'],NO_TRIGGER,FILLED,NO_CONTINGENCY,,,,,,,,0eb93437-a8bd-407c-8c8d-4f14d11ac473,2016-09-03 00:00:00+00:00,2016-09-03 00:00:00+00:00
BACKTESTER-001,BollingerBandsStrategy-000,BTCUSD.CRYPTO,CRYPTO-1-053,BTCUSD.CRYPTO-BollingerBandsStrategy-000,CRYPTO-001,CRYPTO-1-1274,MARKET,SELL,1,GTC,False,False,1,TAKER,598.21,0.0,['0.60 USD'],NO_TRIGGER,FILLED,NO_CONTINGENCY,,,,,,,,fa996d6a-1d88-486b-ad07-57d7c68523b9,2016-09-03 00:00:00+00:00,2016-09-03 00:00:00+00:00
BACKTESTER-001,BollingerBandsStrategy-000,BTCUSD.CRYPTO,CRYPTO-1-054,BTCUSD.CRYPTO-BollingerBandsStrategy-000,CRYPTO-001,CRYPTO-1-1405,MARKET,BUY,1,GTC,True,False,1,TAKER,777.76,0.0,['0.78 USD'],NO_TRIGGER,FILLED,NO_CONTINGENCY,,,,,,,,74aae457-2ce0-4095-ab23-8120152e1699,2017-01-11 00:00:00+00:00,2017-01-11 00:00:00+00:00
BACKTESTER-001,BollingerBandsStrategy-000,BTCUSD.CRYPTO,CRYPTO-1-055,BTCUSD.CRYPTO-BollingerBandsStrategy-000,CRYPTO-001,CRYPTO-1-1406,MARKET,BUY,1,GTC,False,False,1,TAKER,777.76,0.0,['0.78 USD'],NO_TRIGGER,FILLED,NO_CONTINGENCY,,,,,,,,0a226089-e354-4680-8330-273d1f93a856,2017-01-11 00:00:00+00:00,2017-01-11 00:00:00+00:00
BACKTESTER-001,BollingerBandsStrategy-000,BTCUSD.CRYPTO,CRYPTO-1-056,BTCUSD.CRYPTO-BollingerBandsStrategy-000,CRYPTO-001,CRYPTO-1-1428,MARKET,SELL,1,GTC,True,False,1,TAKER,989.02,0.0,['0.99 USD'],NO_TRIGGER,FILLED,NO_CONTINGENCY,,,,,,,,81adc0b7-ce17-4b47-906a-bb21d8e82a70,2017-02-01 00:00:00+00:00,2017-02-01 00:00:00+00:00
BACKTESTER-001,BollingerBandsStrategy-000,BTCUSD.CRYPTO,CRYPTO-1-057,BTCUSD.CRYPTO-BollingerBandsStrategy-000,CRYPTO-001,CRYPTO-1-1429,MARKET,SELL,1,GTC,False,False,1,TAKER,989.02,0.0,['0.99 USD'],NO_TRIGGER,FILLED,NO_CONTINGENCY,,,,,,,,63b932b9-788f-4023-9651-5756c01d6aa8,2017-02-01 00:00:00+00:00,2017-02-01 00:00:00+00:00
BACKTESTER-001,BollingerBandsStrategy-000,BTCUSD.CRYPTO,CRYPTO-1-058,BTCUSD.CRYPTO-BollingerBandsStrategy-000,CRYPTO-001,CRYPTO-1-1474,MARKET,BUY,1,GTC,True,False,1,TAKER,1100.23,0.0,['1.10 USD'],NO_TRIGGER,FILLED,NO_CONTINGENCY,,,,,,,,f94f89e6-c5c9-48d1-9242-a8784648eb32,2017-03-17 00:00:00+00:00,2017-03-17 00:00:00+00:00
BACKTESTER-001,BollingerBandsStrategy-000,BTCUSD.CRYPTO,CRYPTO-1-059,BTCUSD.CRYPTO-BollingerBandsStrategy-000,CRYPTO-001,CRYPTO-1-1475,MARKET,BUY,1,GTC,False,False,1,TAKER,1100.23,0.0,['1.10 USD'],NO_TRIGGER,FILLED,NO_CONTINGENCY,,,,,,,,3e77123d-205a-4080-91df-8569547a57d2,2017-03-17 00:00:00+00:00,2017-03-17 00:00:00+00:00
BACKTESTER-001,BollingerBandsStrategy-000,BTCUSD.CRYPTO,CRYPTO-1-060,BTCUSD.CRYPTO-BollingerBandsStrategy-000,CRYPTO-001,CRYPTO-1-1496,MARKET,SELL,1,GTC,True,False,1,TAKER,1182.68,0.0,['1.18 USD'],NO_TRIGGER,FILLED,NO_CONTINGENCY,,,,,,,,d110832c-a865-403c-b009-cbc79c1cf03c,2017-04-06 00:00:00+00:00,2017-04-06 00:00:00+00:00
BACKTESTER-001,BollingerBandsStrategy-000,BTCUSD.CRYPTO,CRYPTO-1-061,BTCUSD.CRYPTO-BollingerBandsStrategy-000,CRYPTO-001,CRYPTO-1-1497,MARKET,SELL,1,GTC,False,False,1,TAKER,1182.68,0.0,['1.18 USD'],NO_TRIGGER,FILLED,NO_CONTINGENCY,,,,,,,,4f7246bb-c3ec-403e-807d-e4e5221021d0,2017-04-06 00:00:00+00:00,2017-04-06 00:00:00+00:00
BACKTESTER-001,BollingerBandsStrategy-000,BTCUSD.CRYPTO,CRYPTO-1-062,BTCUSD.CRYPTO-BollingerBandsStrategy-000,CRYPTO-001,CRYPTO-1-1593,MARKET,BUY,1,GTC,True,False,1,TAKER,2372.56,0.0,['2.37 USD'],NO_TRIGGER,FILLED,NO_CONTINGENCY,,,,,,,,9cdebaf0-e937-4bb7-bf2a-0175c0274ad9,2017-07-10 00:00:00+00:00,2017-07-10 00:00:00+00:00
BACKTESTER-001,BollingerBandsStrategy-000,BTCUSD.CRYPTO,CRYPTO-1-063,BTCUSD.CRYPTO-BollingerBandsStrategy-000,CRYPTO-001,CRYPTO-1-1594,MARKET,BUY,1,GTC,False,False,1,TAKER,2372.56,0.0,['2.37 USD'],NO_TRIGGER,FILLED,NO_CONTINGENCY,,,,,,,,4e1c97ce-da43-4cb2-940d-88e37b302f13,2017-07-10 00:00:00+00:00,2017-07-10 00:00:00+00:00
BACKTESTER-001,BollingerBandsStrategy-000,BTCUSD.CRYPTO,CRYPTO-1-064,BTCUSD.CRYPTO-BollingerBandsStrategy-000,CRYPTO-001,CRYPTO-1-1605,MARKET,SELL,1,GTC,True,False,1,TAKER,2817.6,0.0,['2.82 USD'],NO_TRIGGER,FILLED,NO_CONTINGENCY,,,,,,,,a5fef996-5459-49a8-8d24-457a868fa446,2017-07-20 00:00:00+00:00,2017-07-20 00:00:00+00:00
BACKTESTER-001,BollingerBandsStrategy-000,BTCUSD.CRYPTO,CRYPTO-1-065,BTCUSD.CRYPTO-BollingerBandsStrategy-000,CRYPTO-001,CRYPTO-1-1606,MARKET,SELL,1,GTC,False,False,1,TAKER,2817.6,0.0,['2.82 USD'],NO_TRIGGER,FILLED,NO_CONTINGENCY,,,,,,,,f86fdd0a-9537-4baa-ab85-fac2dbb3912d,2017-07-20 00:00:00+00:00,2017-07-20 00:00:00+00:00
BACKTESTER-001,BollingerBandsStrategy-000,BTCUSD.CRYPTO,CRYPTO-1-066,BTCUSD.CRYPTO-BollingerBandsStrategy-000,CRYPTO-001,CRYPTO-1-1662,MARKET,BUY,1,GTC,True,False,1,TAKER,3882.59,0.0,['3.88 USD'],NO_TRIGGER,FILLED,NO_CONTINGENCY,,,,,,,,00f2ef32-3cc6-4850-8add-7384435ab6f6,2017-09-13 00:00:00+00:00,2017-09-13 00:00:00+00:00
BACKTESTER-001,BollingerBandsStrategy-000,BTCUSD.CRYPTO,CRYPTO-1-067,BTCUSD.CRYPTO-BollingerBandsStrategy-000,CRYPTO-001,CRYPTO-1-1663,MARKET,BUY,1,GTC,False,False,1,TAKER,3882.59,0.0,['3.88 USD'],NO_TRIGGER,FILLED,NO_CONTINGENCY,,,,,,,,e6d6f97f-129f-4e41-bf10-4a0cb80e403f,2017-09-13 00:00:00+00:00,2017-09-13 00:00:00+00:00
BACKTESTER-001,BollingerBandsStrategy-000,BTCUSD.CRYPTO,CRYPTO-1-068,BTCUSD.CRYPTO-BollingerBandsStrategy-000,CRYPTO-001,CRYPTO-1-1690,MARKET,SELL,1,GTC,True,False,1,TAKER,4772.02,0.0,['4.77 USD'],NO_TRIGGER,FILLED,NO_CONTINGENCY,,,,,,,,16c94c4c-8a0a-4229-b06a-8eec46491149,2017-10-09 00:00:00+00:00,2017-10-09 00:00:00+00:00
BACKTESTER-001,BollingerBandsStrategy-000,BTCUSD.CRYPTO,CRYPTO-1-069,BTCUSD.CRYPTO-BollingerBandsStrategy-000,CRYPTO-001,CRYPTO-1-1691,MARKET,SELL,1,GTC,False,False,1,TAKER,4772.02,0.0,['4.77 USD'],NO_TRIGGER,FILLED,NO_CONTINGENCY,,,,,,,,6a4945f8-adcd-4fc1-8076-4a8d89039e66,2017-10-09 00:00:00+00:00,2017-10-09 00:00:00+00:00
BACKTESTER-001,BollingerBandsStrategy-000,BTCUSD.CRYPTO,CRYPTO-1-070,BTCUSD.CRYPTO-BollingerBandsStrategy-000,CRYPTO-001,CRYPTO-1-1791,MARKET,BUY,1,GTC,True,False,1,TAKER,11490.5,0.0,['11.49 USD'],NO_TRIGGER,FILLED,NO_CONTINGENCY,,,,,,,,5d41c7fc-a8d2-47fb-bb9d-81af8736899b,2018-01-16 00:00:00+00:00,2018-01-16 00:00:00+00:00
BACKTESTER-001,BollingerBandsStrategy-000,BTCUSD.CRYPTO,CRYPTO-1-071,BTCUSD.CRYPTO-BollingerBandsStrategy-000,CRYPTO-001,CRYPTO-1-1792,MARKET,BUY,1,GTC,False,False,1,TAKER,11490.5,0.0,['11.49 USD'],NO_TRIGGER,FILLED,NO_CONTINGENCY,,,,,,,,adc576c4-97cb-4096-a8ac-9a9b98ebf7e9,2018-01-16 00:00:00+00:00,2018-01-16 00:00:00+00:00
BACKTESTER-001,BollingerBandsStrategy-000,BTCUSD.CRYPTO,CRYPTO-1-072,BTCUSD.CRYPTO-BollingerBandsStrategy-000,CRYPTO-001,CRYPTO-1-1827,MARKET,SELL,1,GTC,True,False,1,TAKER,11225.3,0.0,['11.23 USD'],NO_TRIGGER,FILLED,NO_CONTINGENCY,,,,,,,,3fdd0adf-482f-4270-b7cd-b95c4c6a0b81,2018-02-19 00:00:00+00:00,2018-02-19 00:00:00+00:00
BACKTESTER-001,BollingerBandsStrategy-000,BTCUSD.CRYPTO,CRYPTO-1-073,BTCUSD.CRYPTO-BollingerBandsStrategy-000,CRYPTO-001,CRYPTO-1-1828,MARKET,SELL,1,GTC,False,False,1,TAKER,11225.3,0.0,['11.23 USD'],NO_TRIGGER,FILLED,NO_CONTINGENCY,,,,,,,,f6bff097-40ea-4a1c-b47c-ca990d920b10,2018-02-19 00:00:00+00:00,2018-02-19 00:00:00+00:00
BACKTESTER-001,BollingerBandsStrategy-000,BTCUSD.CRYPTO,CRYPTO-1-074,BTCUSD.CRYPTO-BollingerBandsStrategy-000,CRYPTO-001,CRYPTO-1-1846,MARKET,BUY,1,GTC,True,False,1,TAKER,9395.01,0.0,['9.40 USD'],NO_TRIGGER,FILLED,NO_CONTINGENCY,,,,,,,,3a5a8734-7bc6-471a-bded-86c7576b9764,2018-03-08 00:00:00+00:00,2018-03-08 00:00:00+00:00
BACKTESTER-001,BollingerBandsStrategy-000,BTCUSD.CRYPTO,CRYPTO-1-075,BTCUSD.CRYPTO-BollingerBandsStrategy-000,CRYPTO-001,CRYPTO-1-1847,MARKET,BUY,1,GTC,False,False,1,TAKER,9395.01,0.0,['9.40 USD'],NO_TRIGGER,FILLED,NO_CONTINGENCY,,,,,,,,eb7bebb2-43c6-40ab-a45d-27c5edbecb39,2018-03-08 00:00:00+00:00,2018-03-08 00:00:00+00:00
BACKTESTER-001,BollingerBandsStrategy-000,BTCUSD.CRYPTO,CRYPTO-1-076,BTCUSD.CRYPTO-BollingerBandsStrategy-000,CRYPTO-001,CRYPTO-1-1886,MARKET,SELL,1,GTC,True,False,1,TAKER,8329.11,0.0,['8.33 USD'],NO_TRIGGER,FILLED,NO_CONTINGENCY,,,,,,,,1280db14-8a72-4b94-b54f-b12df5212fd7,2018-04-15 00:00:00+00:00,2018-04-15 00:00:00+00:00
BACKTESTER-001,BollingerBandsStrategy-000,BTCUSD.CRYPTO,CRYPTO-1-077,BTCUSD.CRYPTO-BollingerBandsStrategy-000,CRYPTO-001,CRYPTO-1-1887,MARKET,SELL,1,GTC,False,False,1,TAKER,8329.11,0.0,['8.33 USD'],NO_TRIGGER,FILLED,NO_CONTINGENCY,,,,,,,,a8dd5ef4-72d9-4324-ab77-aff4b1de8dd1,2018-04-15 00:00:00+00:00,2018-04-15 00:00:00+00:00
BACKTESTER-001,BollingerBandsStrategy-000,BTCUSD.CRYPTO,CRYPTO-1-078,BTCUSD.CRYPTO-BollingerBandsStrategy-000,CRYPTO-001,CRYPTO-1-1914,MARKET,BUY,1,GTC,True,False,1,TAKER,8441.49,0.0,['8.44 USD'],NO_TRIGGER,FILLED,NO_CONTINGENCY,,,,,,,,de2819a4-4b6b-480c-915e-3a4e8b5c6dce,2018-05-11 00:00:00+00:00,2018-05-11 00:00:00+00:00
BACKTESTER-001,BollingerBandsStrategy-000,BTCUSD.CRYPTO,CRYPTO-1-079,BTCUSD.CRYPTO-BollingerBandsStrategy-000,CRYPTO-001,CRYPTO-1-1915,MARKET,BUY,1,GTC,False,False,1,TAKER,8441.49,0.0,['8.44 USD'],NO_TRIGGER,FILLED,NO_CONTINGENCY,,,,,,,,36c26086-22b6-4e0e-bf9b-69bef83cfe09,2018-05-11 00:00:00+00:00,2018-05-11 00:00:00+00:00
BACKTESTER-001,BollingerBandsStrategy-000,BTCUSD.CRYPTO,CRYPTO-1-080,BTCUSD.CRYPTO-BollingerBandsStrategy-000,CRYPTO-001,CRYPTO-1-1983,MARKET,SELL,1,GTC,True,False,1,TAKER,7321.04,0.0,['7.32 USD'],NO_TRIGGER,FILLED,NO_CONTINGENCY,,,,,,,,438545d8-ca48-40b9-bedc-d1a34a70dea9,2018-07-17 00:00:00+00:00,2018-07-17 00:00:00+00:00
BACKTESTER-001,BollingerBandsStrategy-000,BTCUSD.CRYPTO,CRYPTO-1-081,BTCUSD.CRYPTO-BollingerBandsStrategy-000,CRYPTO-001,CRYPTO-1-1984,MARKET,SELL,1,GTC,False,False,1,TAKER,7321.04,0.0,['7.32 USD'],NO_TRIGGER,FILLED,NO_CONTINGENCY,,,,,,,,9338f3cf-e467-40a7-ac44-28ddf032278e,2018-07-17 00:00:00+00:00,2018-07-17 00:00:00+00:00
BACKTESTER-001,BollingerBandsStrategy-000,BTCUSD.CRYPTO,CRYPTO-1-082,BTCUSD.CRYPTO-BollingerBandsStrategy-000,CRYPTO-001,CRYPTO-1-2006,MARKET,BUY,1,GTC,True,False,1,TAKER,6753.12,0.0,['6.75 USD'],NO_TRIGGER,FILLED,NO_CONTINGENCY,,,,,,,,8893f42d-ad1f-44da-9fd8-c798d02725bb,2018-08-07 00:00:00+00:00,2018-08-07 00:00:00+00:00
BACKTESTER-001,BollingerBandsStrategy-000,BTCUSD.CRYPTO,CRYPTO-1-083,BTCUSD.CRYPTO-BollingerBandsStrategy-000,CRYPTO-001,CRYPTO-1-2007,MARKET,BUY,1,GTC,False,False,1,TAKER,6753.12,0.0,['6.75 USD'],NO_TRIGGER,FILLED,NO_CONTINGENCY,,,,,,,,2a03b527-b23b-44fb-b8aa-c0aaf471844c,2018-08-07 00:00:00+00:00,2018-08-07 00:00:00+00:00
BACKTESTER-001,BollingerBandsStrategy-000,BTCUSD.CRYPTO,CRYPTO-1-084,BTCUSD.CRYPTO-BollingerBandsStrategy-000,CRYPTO-001,CRYPTO-1-2028,MARKET,SELL,1,GTC,True,False,1,TAKER,6884.64,0.0,['6.88 USD'],NO_TRIGGER,FILLED,NO_CONTINGENCY,,,,,,,,b6172ebe-8605-4a2a-9d35-348d0883797d,2018-08-27 00:00:00+00:00,2018-08-27 00:00:00+00:00
BACKTESTER-001,BollingerBandsStrategy-000,BTCUSD.CRYPTO,CRYPTO-1-085,BTCUSD.CRYPTO-BollingerBandsStrategy-000,CRYPTO-001,CRYPTO-1-2029,MARKET,SELL,1,GTC,False,False,1,TAKER,6884.64,0.0,['6.88 USD'],NO_TRIGGER,FILLED,NO_CONTINGENCY,,,,,,,,cbe7e75c-fc5d-4b8f-b2d2-8f9bbac4df29,2018-08-27 00:00:00+00:00,2018-08-27 00:00:00+00:00
BACKTESTER-001,BollingerBandsStrategy-000,BTCUSD.CRYPTO,CRYPTO-1-086,BTCUSD.CRYPTO-BollingerBandsStrategy-000,CRYPTO-001,CRYPTO-1-2075,MARKET,BUY,1,GTC,True,False,1,TAKER,6256.24,0.0,['6.26 USD'],NO_TRIGGER,FILLED,NO_CONTINGENCY,,,,,,,,79ad9fcc-ca3e-4bf5-8da2-4e95d5087f7b,2018-10-11 00:00:00+00:00,2018-10-11 00:00:00+00:00
BACKTESTER-001,BollingerBandsStrategy-000,BTCUSD.CRYPTO,CRYPTO-1-087,BTCUSD.CRYPTO-BollingerBandsStrategy-000,CRYPTO-001,CRYPTO-1-2076,MARKET,BUY,1,GTC,False,False,1,TAKER,6256.24,0.0,['6.26 USD'],NO_TRIGGER,FILLED,NO_CONTINGENCY,,,,,,,,2a85a036-9e52-4da6-be05-9df1cca547d8,2018-10-11 00:00:00+00:00,2018-10-11 00:00:00+00:00
BACKTESTER-001,BollingerBandsStrategy-000,BTCUSD.CRYPTO,CRYPTO-1-088,BTCUSD.CRYPTO-BollingerBandsStrategy-000,CRYPTO-001,CRYPTO-1-2197,MARKET,SELL,1,GTC,True,False,1,TAKER,3666.78,0.0,['3.67 USD'],NO_TRIGGER,FILLED,NO_CONTINGENCY,,,,,,,,635630c2-bd45-4ca1-a552-076bfa0e669c,2019-02-08 00:00:00+00:00,2019-02-08 00:00:00+00:00
BACKTESTER-001,BollingerBandsStrategy-000,BTCUSD.CRYPTO,CRYPTO-1-089,BTCUSD.CRYPTO-BollingerBandsStrategy-000,CRYPTO-001,CRYPTO-1-2198,MARKET,SELL,1,GTC,False,False,1,TAKER,3666.78,0.0,['3.67 USD'],NO_TRIGGER,FILLED,NO_CONTINGENCY,,,,,,,,d442f373-8f11-4070-b7aa-35c54d9a5ccd,2019-02-08 00:00:00+00:00,2019-02-08 00:00:00+00:00
BACKTESTER-001,BollingerBandsStrategy-000,BTCUSD.CRYPTO,CRYPTO-1-090,BTCUSD.CRYPTO-BollingerBandsStrategy-000,CRYPTO-001,CRYPTO-1-2355,MARKET,BUY,1,GTC,True,False,1,TAKER,10256.06,0.0,['10.26 USD'],NO_TRIGGER,FILLED,NO_CONTINGENCY,,,,,,,,3f93d551-4e7d-4819-9420-11dca4b28cdc,2019-07-14 00:00:00+00:00,2019-07-14 00:00:00+00:00
BACKTESTER-001,BollingerBandsStrategy-000,BTCUSD.CRYPTO,CRYPTO-1-091,BTCUSD.CRYPTO-BollingerBandsStrategy-000,CRYPTO-001,CRYPTO-1-2356,MARKET,BUY,1,GTC,False,False,1,TAKER,10256.06,0.0,['10.26 USD'],NO_TRIGGER,FILLED,NO_CONTINGENCY,,,,,,,,18cc8a46-082b-4187-a1a9-928df60cd817,2019-07-14 00:00:00+00:00,2019-07-14 00:00:00+00:00
BACKTESTER-001,BollingerBandsStrategy-000,BTCUSD.CRYPTO,CRYPTO-1-092,BTCUSD.CRYPTO-BollingerBandsStrategy-000,CRYPTO-001,CRYPTO-1-2379,MARKET,SELL,1,GTC,True,False,1,TAKER,11805.65,0.0,['11.81 USD'],NO_TRIGGER,FILLED,NO_CONTINGENCY,,,,,,,,59c786d5-dea7-497b-89a6-437308d95de9,2019-08-05 00:00:00+00:00,2019-08-05 00:00:00+00:00
BACKTESTER-001,BollingerBandsStrategy-000,BTCUSD.CRYPTO,CRYPTO-1-093,BTCUSD.CRYPTO-BollingerBandsStrategy-000,CRYPTO-001,CRYPTO-1-2380,MARKET,SELL,1,GTC,False,False,1,TAKER,11805.65,0.0,['11.81 USD'],NO_TRIGGER,FILLED,NO_CONTINGENCY,,,,,,,,c7036e86-73c2-4ad4-8a89-5203fcbd119b,2019-08-05 00:00:00+00:00,2019-08-05 00:00:00+00:00
BACKTESTER-001,BollingerBandsStrategy-000,BTCUSD.CRYPTO,CRYPTO-1-094,BTCUSD.CRYPTO-BollingerBandsStrategy-000,CRYPTO-001,CRYPTO-1-2430,MARKET,BUY,1,GTC,True,False,1,TAKER,9729.32,0.0,['9.73 USD'],NO_TRIGGER,FILLED,NO_CONTINGENCY,,,,,,,,5df80857-4db4-4504-9315-d606dd5fcc0e,2019-09-23 00:00:00+00:00,2019-09-23 00:00:00+00:00
BACKTESTER-001,BollingerBandsStrategy-000,BTCUSD.CRYPTO,CRYPTO-1-095,BTCUSD.CRYPTO-BollingerBandsStrategy-000,CRYPTO-001,CRYPTO-1-2431,MARKET,BUY,1,GTC,False,False,1,TAKER,9729.32,0.0,['9.73 USD'],NO_TRIGGER,FILLED,NO_CONTINGENCY,,,,,,,,c4f6fb07-80ab-4c2e-a9a4-f6a0fa7d8698,2019-09-23 00:00:00+00:00,2019-09-23 00:00:00+00:00
BACKTESTER-001,BollingerBandsStrategy-000,BTCUSD.CRYPTO,CRYPTO-1-096,BTCUSD.CRYPTO-BollingerBandsStrategy-000,CRYPTO-001,CRYPTO-1-2465,MARKET,SELL,1,GTC,True,False,1,TAKER,9244.97,0.0,['9.24 USD'],NO_TRIGGER,FILLED,NO_CONTINGENCY,,,,,,,,eafeb6b8-77ff-40e8-ab1f-24bfca194f4b,2019-10-26 00:00:00+00:00,2019-10-26 00:00:00+00:00
BACKTESTER-001,BollingerBandsStrategy-000,BTCUSD.CRYPTO,CRYPTO-1-097,BTCUSD.CRYPTO-BollingerBandsStrategy-000,CRYPTO-001,CRYPTO-1-2466,MARKET,SELL,1,GTC,False,False,1,TAKER,9244.97,0.0,['9.24 USD'],NO_TRIGGER,FILLED,NO_CONTINGENCY,,,,,,,,b3878ec0-5e7b-4406-b7ec-8e71ab51b473,2019-10-26 00:00:00+00:00,2019-10-26 00:00:00+00:00
BACKTESTER-001,BollingerBandsStrategy-000,BTCUSD.CRYPTO,CRYPTO-1-098,BTCUSD.CRYPTO-BollingerBandsStrategy-000,CRYPTO-001,CRYPTO-1-2487,MARKET,BUY,1,GTC,True,False,1,TAKER,8491.99,0.0,['8.49 USD'],NO_TRIGGER,FILLED,NO_CONTINGENCY,,,,,,,,19078418-9097-417b-ae8e-456611320f15,2019-11-15 00:00:00+00:00,2019-11-15 00:00:00+00:00
BACKTESTER-001,BollingerBandsStrategy-000,BTCUSD.CRYPTO,CRYPTO-1-099,BTCUSD.CRYPTO-BollingerBandsStrategy-000,CRYPTO-001,CRYPTO-1-2488,MARKET,BUY,1,GTC,False,False,1,TAKER,8491.99,0.0,['8.49 USD'],NO_TRIGGER,FILLED,NO_CONTINGENCY,,,,,,,,a3c91832-07d5-4b4c-942b-b70d96ab6592,2019-11-15 00:00:00+00:00,2019-11-15 00:00:00+00:00
BACKTESTER-001,BollingerBandsStrategy-000,BTCUSD.CRYPTO,CRYPTO-1-100,BTCUSD.CRYPTO-BollingerBandsStrategy-000,CRYPTO-001,CRYPTO-1-2541,MARKET,SELL,1,GTC,True,False,1,TAKER,7769.22,0.0,['7.77 USD'],NO_TRIGGER,FILLED,NO_CONTINGENCY,,,,,,,,4c4f7024-c91b-42ce-a9ee-2548f45b4263,2020-01-06 00:00:00+00:00,2020-01-06 00:00:00+00:00
BACKTESTER-001,BollingerBandsStrategy-000,BTCUSD.CRYPTO,CRYPTO-1-101,BTCUSD.CRYPTO-BollingerBandsStrategy-000,CRYPTO-001,CRYPTO-1-2542,MARKET,SELL,1,GTC,False,False,1,TAKER,7769.22,0.0,['7.77 USD'],NO_TRIGGER,FILLED,NO_CONTINGENCY,,,,,,,,b945a587-0be9-48fa-9763-7f4ada15d3b5,2020-01-06 00:00:00+00:00,2020-01-06 00:00:00+00:00
BACKTESTER-001,BollingerBandsStrategy-000,BTCUSD.CRYPTO,CRYPTO-1-102,BTCUSD.CRYPTO-BollingerBandsStrategy-000,CRYPTO-001,CRYPTO-1-2593,MARKET,BUY,1,GTC,True,False,1,TAKER,9341.71,0.0,['9.34 USD'],NO_TRIGGER,FILLED,NO_CONTINGENCY,,,,,,,,e895b2f8-eae0-456b-a299-81664eae6bf0,2020-02-25 00:00:00+00:00,2020-02-25 00:00:00+00:00
BACKTESTER-001,BollingerBandsStrategy-000,BTCUSD.CRYPTO,CRYPTO-1-103,BTCUSD.CRYPTO-BollingerBandsStrategy-000,CRYPTO-001,CRYPTO-1-2594,MARKET,BUY,1,GTC,False,False,1,TAKER,9341.71,0.0,['9.34 USD'],NO_TRIGGER,FILLED,NO_CONTINGENCY,,,,,,,,0d9eda2a-6fbb-4815-923a-5a1b60509ca2,2020-02-25 00:00:00+00:00,2020-02-25 00:00:00+00:00
BACKTESTER-001,BollingerBandsStrategy-000,BTCUSD.CRYPTO,CRYPTO-1-104,BTCUSD.CRYPTO-BollingerBandsStrategy-000,CRYPTO-001,CRYPTO-1-2636,MARKET,SELL,1,GTC,True,False,1,TAKER,7271.78,0.0,['7.27 USD'],NO_TRIGGER,FILLED,NO_CONTINGENCY,,,,,,,,653b0c68-cce0-47a7-b62c-d9a48ebc4903,2020-04-06 00:00:00+00:00,2020-04-06 00:00:00+00:00
BACKTESTER-001,BollingerBandsStrategy-000,BTCUSD.CRYPTO,CRYPTO-1-105,BTCUSD.CRYPTO-BollingerBandsStrategy-000,CRYPTO-001,CRYPTO-1-2637,MARKET,SELL,1,GTC,False,False,1,TAKER,7271.78,0.0,['7.27 USD'],NO_TRIGGER,FILLED,NO_CONTINGENCY,,,,,,,,38508db9-e560-49f2-86a3-7c10452538b6,2020-04-06 00:00:00+00:00,2020-04-06 00:00:00+00:00
BACKTESTER-001,BollingerBandsStrategy-000,BTCUSD.CRYPTO,CRYPTO-1-106,BTCUSD.CRYPTO-BollingerBandsStrategy-000,CRYPTO-001,CRYPTO-1-2720,MARKET,BUY,1,GTC,True,False,1,TAKER,9045.39,0.0,['9.05 USD'],NO_TRIGGER,FILLED,NO_CONTINGENCY,,,,,,,,70fda118-22ca-4c80-a975-8b6758995d56,2020-06-27 00:00:00+00:00,2020-06-27 00:00:00+00:00
BACKTESTER-001,BollingerBandsStrategy-000,BTCUSD.CRYPTO,CRYPTO-1-107,BTCUSD.CRYPTO-BollingerBandsStrategy-000,CRYPTO-001,CRYPTO-1-2721,MARKET,BUY,1,GTC,False,False,1,TAKER,9045.39,0.0,['9.05 USD'],NO_TRIGGER,FILLED,NO_CONTINGENCY,,,,,,,,3808e3f0-5048-4e98-afa2-9fce83636e80,2020-06-27 00:00:00+00:00,2020-06-27 00:00:00+00:00
BACKTESTER-001,BollingerBandsStrategy-000,BTCUSD.CRYPTO,CRYPTO-1-108,BTCUSD.CRYPTO-BollingerBandsStrategy-000,CRYPTO-001,CRYPTO-1-2746,MARKET,SELL,1,GTC,True,False,1,TAKER,9374.89,0.0,['9.37 USD'],NO_TRIGGER,FILLED,NO_CONTINGENCY,,,,,,,,57a7362e-712a-4866-9b47-3e3001be3a0f,2020-07-21 00:00:00+00:00,2020-07-21 00:00:00+00:00
BACKTESTER-001,BollingerBandsStrategy-000,BTCUSD.CRYPTO,CRYPTO-1-109,BTCUSD.CRYPTO-BollingerBandsStrategy-000,CRYPTO-001,CRYPTO-1-2747,MARKET,SELL,1,GTC,False,False,1,TAKER,9374.89,0.0,['9.37 USD'],NO_TRIGGER,FILLED,NO_CONTINGENCY,,,,,,,,2a52f3ea-8825-4a40-9c62-e7de6ad8b341,2020-07-21 00:00:00+00:00,2020-07-21 00:00:00+00:00
BACKTESTER-001,BollingerBandsStrategy-000,BTCUSD.CRYPTO,CRYPTO-1-110,BTCUSD.CRYPTO-BollingerBandsStrategy-000,CRYPTO-001,CRYPTO-1-2783,MARKET,BUY,1,GTC,True,False,1,TAKER,11366.14,0.0,['11.37 USD'],NO_TRIGGER,FILLED,NO_CONTINGENCY,,,,,,,,10e30d55-aa6c-4d06-8888-4cd3ea550c84,2020-08-25 00:00:00+00:00,2020-08-25 00:00:00+00:00
BACKTESTER-001,BollingerBandsStrategy-000,BTCUSD.CRYPTO,CRYPTO-1-111,BTCUSD.CRYPTO-BollingerBandsStrategy-000,CRYPTO-001,CRYPTO-1-2784,MARKET,BUY,1,GTC,False,False,1,TAKER,11366.14,0.0,['11.37 USD'],NO_TRIGGER,FILLED,NO_CONTINGENCY,,,,,,,,44e0afcc-c886-4a3a-9e10-11e5b9b73497,2020-08-25 00:00:00+00:00,2020-08-25 00:00:00+00:00
BACKTESTER-001,BollingerBandsStrategy-000,BTCUSD.CRYPTO,CRYPTO-1-112,BTCUSD.CRYPTO-BollingerBandsStrategy-000,CRYPTO-001,CRYPTO-1-2830,MARKET,SELL,1,GTC,True,False,1,TAKER,11064.46,0.0,['11.06 USD'],NO_TRIGGER,FILLED,NO_CONTINGENCY,,,,,,,,10d30062-e475-4a08-b73a-59bce7a9cb41,2020-10-09 00:00:00+00:00,2020-10-09 00:00:00+00:00
BACKTESTER-001,BollingerBandsStrategy-000,BTCUSD.CRYPTO,CRYPTO-1-113,BTCUSD.CRYPTO-BollingerBandsStrategy-000,CRYPTO-001,CRYPTO-1-2831,MARKET,SELL,1,GTC,False,False,1,TAKER,11064.46,0.0,['11.06 USD'],NO_TRIGGER,FILLED,NO_CONTINGENCY,,,,,,,,912c2f05-917a-417d-afa1-1693feae4f4d,2020-10-09 00:00:00+00:00,2020-10-09 00:00:00+00:00
BACKTESTER-001,BollingerBandsStrategy-000,BTCUSD.CRYPTO,CRYPTO-1-114,BTCUSD.CRYPTO-BollingerBandsStrategy-000,CRYPTO-001,CRYPTO-1-3026,MARKET,BUY,1,GTC,True,False,1,TAKER,53906.09,0.0,['53.91 USD'],NO_TRIGGER,FILLED,NO_CONTINGENCY,,,,,,,,7f786bc5-d738-43f7-bf99-be98eb74c2b6,2021-04-21 00:00:00+00:00,2021-04-21 00:00:00+00:00
BACKTESTER-001,BollingerBandsStrategy-000,BTCUSD.CRYPTO,CRYPTO-1-115,BTCUSD.CRYPTO-BollingerBandsStrategy-000,CRYPTO-001,CRYPTO-1-3027,MARKET,BUY,1,GTC,False,False,1,TAKER,53906.09,0.0,['53.91 USD'],NO_TRIGGER,FILLED,NO_CONTINGENCY,,,,,,,,ab2a7825-935c-413a-add0-5d92f37d0808,2021-04-21 00:00:00+00:00,2021-04-21 00:00:00+00:00
BACKTESTER-001,BollingerBandsStrategy-000,BTCUSD.CRYPTO,CRYPTO-1-116,BTCUSD.CRYPTO-BollingerBandsStrategy-000,CRYPTO-001,CRYPTO-1-3082,MARKET,SELL,1,GTC,True,False,1,TAKER,40218.48,0.0,['40.22 USD'],NO_TRIGGER,FILLED,NO_CONTINGENCY,,,,,,,,a0a92e44-5d07-45b3-bd4f-42e4868300fe,2021-06-14 00:00:00+00:00,2021-06-14 00:00:00+00:00
BACKTESTER-001,BollingerBandsStrategy-000,BTCUSD.CRYPTO,CRYPTO-1-117,BTCUSD.CRYPTO-BollingerBandsStrategy-000,CRYPTO-001,CRYPTO-1-3083,MARKET,SELL,1,GTC,False,False,1,TAKER,40218.48,0.0,['40.22 USD'],NO_TRIGGER,FILLED,NO_CONTINGENCY,,,,,,,,4e1690e2-80c5-4cc3-8e8d-429356e0adbf,2021-06-14 00:00:00+00:00,2021-06-14 00:00:00+00:00
BACKTESTER-001,BollingerBandsStrategy-000,BTCUSD.CRYPTO,CRYPTO-1-118,BTCUSD.CRYPTO-BollingerBandsStrategy-000,CRYPTO-001,CRYPTO-1-3091,MARKET,BUY,1,GTC,True,False,1,TAKER,31676.69,0.0,['31.68 USD'],NO_TRIGGER,FILLED,NO_CONTINGENCY,,,,,,,,d4557ab0-0642-4435-a2eb-25bac374da8f,2021-06-21 00:00:00+00:00,2021-06-21 00:00:00+00:00
BACKTESTER-001,BollingerBandsStrategy-000,BTCUSD.CRYPTO,CRYPTO-1-119,BTCUSD.CRYPTO-BollingerBandsStrategy-000,CRYPTO-001,CRYPTO-1-3092,MARKET,BUY,1,GTC,False,False,1,TAKER,31676.69,0.0,['31.68 USD'],NO_TRIGGER,FILLED,NO_CONTINGENCY,,,,,,,,f249edf9-6f92-413d-8624-44b572a77c52,2021-06-21 00:00:00+00:00,2021-06-21 00:00:00+00:00
BACKTESTER-001,BollingerBandsStrategy-000,BTCUSD.CRYPTO,CRYPTO-1-120,BTCUSD.CRYPTO-BollingerBandsStrategy-000,CRYPTO-001,CRYPTO-1-3127,MARKET,SELL,1,GTC,True,False,1,TAKER,35350.19,0.0,['35.35 USD'],NO_TRIGGER,FILLED,NO_CONTINGENCY,,,,,,,,1a57923c-92c0-49e0-9ac1-8ed3aef9583d,2021-07-25 00:00:00+00:00,2021-07-25 00:00:00+00:00
BACKTESTER-001,BollingerBandsStrategy-000,BTCUSD.CRYPTO,CRYPTO-1-121,BTCUSD.CRYPTO-BollingerBandsStrategy-000,CRYPTO-001,CRYPTO-1-3128,MARKET,SELL,1,GTC,False,False,1,TAKER,35350.19,0.0,['35.35 USD'],NO_TRIGGER,FILLED,NO_CONTINGENCY,,,,,,,,a94a8f6f-eff0-485c-9169-e192ee0a49a3,2021-07-25 00:00:00+00:00,2021-07-25 00:00:00+00:00
BACKTESTER-001,BollingerBandsStrategy-000,BTCUSD.CRYPTO,CRYPTO-1-122,BTCUSD.CRYPTO-BollingerBandsStrategy-000,CRYPTO-001,CRYPTO-1-3174,MARKET,BUY,1,GTC,True,False,1,TAKER,46091.39,0.0,['46.09 USD'],NO_TRIGGER,FILLED,NO_CONTINGENCY,,,,,,,,c512384e-eb7b-4d6f-8999-cb943e1a0f37,2021-09-08 00:00:00+00:00,2021-09-08 00:00:00+00:00
BACKTESTER-001,BollingerBandsStrategy-000,BTCUSD.CRYPTO,CRYPTO-1-123,BTCUSD.CRYPTO-BollingerBandsStrategy-000,CRYPTO-001,CRYPTO-1-3175,MARKET,BUY,1,GTC,False,False,1,TAKER,46091.39,0.0,['46.09 USD'],NO_TRIGGER,FILLED,NO_CONTINGENCY,,,,,,,,f4075e48-adc3-4b98-a216-d799d7fe52cb,2021-09-08 00:00:00+00:00,2021-09-08 00:00:00+00:00
BACKTESTER-001,BollingerBandsStrategy-000,BTCUSD.CRYPTO,CRYPTO-1-124,BTCUSD.CRYPTO-BollingerBandsStrategy-000,CRYPTO-001,CRYPTO-1-3203,MARKET,SELL,1,GTC,True,False,1,TAKER,51514.81,0.0,['51.51 USD'],NO_TRIGGER,FILLED,NO_CONTINGENCY,,,,,,,,9496e9b4-5d70-41e4-8b07-7bbd17dba074,2021-10-05 00:00:00+00:00,2021-10-05 00:00:00+00:00
BACKTESTER-001,BollingerBandsStrategy-000,BTCUSD.CRYPTO,CRYPTO-1-125,BTCUSD.CRYPTO-BollingerBandsStrategy-000,CRYPTO-001,CRYPTO-1-3204,MARKET,SELL,1,GTC,False,False,1,TAKER,51514.81,0.0,['51.51 USD'],NO_TRIGGER,FILLED,NO_CONTINGENCY,,,,,,,,33bef394-0811-4fe6-9b3f-f22ba2f75bbf,2021-10-05 00:00:00+00:00,2021-10-05 00:00:00+00:00
BACKTESTER-001,BollingerBandsStrategy-000,BTCUSD.CRYPTO,CRYPTO-1-126,BTCUSD.CRYPTO-BollingerBandsStrategy-000,CRYPTO-001,CRYPTO-1-3249,MARKET,BUY,1,GTC,True,False,1,TAKER,56942.14,0.0,['56.94 USD'],NO_TRIGGER,FILLED,NO_CONTINGENCY,,,,,,,,aad00787-49fc-44e0-b263-b04770110a0c,2021-11-18 00:00:00+00:00,2021-11-18 00:00:00+00:00
BACKTESTER-001,BollingerBandsStrategy-000,BTCUSD.CRYPTO,CRYPTO-1-127,BTCUSD.CRYPTO-BollingerBandsStrategy-000,CRYPTO-001,CRYPTO-1-3250,MARKET,BUY,1,GTC,False,False,1,TAKER,56942.14,0.0,['56.94 USD'],NO_TRIGGER,FILLED,NO_CONTINGENCY,,,,,,,,6786e617-0c09-485a-9a82-5bb58427c304,2021-11-18 00:00:00+00:00,2021-11-18 00:00:00+00:00
BACKTESTER-001,BollingerBandsStrategy-000,BTCUSD.CRYPTO,CRYPTO-1-128,BTCUSD.CRYPTO-BollingerBandsStrategy-000,CRYPTO-001,CRYPTO-1-3332,MARKET,SELL,1,GTC,True,False,1,TAKER,43840.29,0.0,['43.84 USD'],NO_TRIGGER,FILLED,NO_CONTINGENCY,,,,,,,,489de09a-0f9d-4498-96fc-592b4e43d825,2022-02-07 00:00:00+00:00,2022-02-07 00:00:00+00:00
BACKTESTER-001,BollingerBandsStrategy-000,BTCUSD.CRYPTO,CRYPTO-1-129,BTCUSD.CRYPTO-BollingerBandsStrategy-000,CRYPTO-001,CRYPTO-1-3333,MARKET,SELL,1,GTC,False,False,1,TAKER,43840.29,0.0,['43.84 USD'],NO_TRIGGER,FILLED,NO_CONTINGENCY,,,,,,,,59f5aedb-5455-4668-8a9d-082e4c144eb7,2022-02-07 00:00:00+00:00,2022-02-07 00:00:00+00:00
BACKTESTER-001,BollingerBandsStrategy-000,BTCUSD.CRYPTO,CRYPTO-1-130,BTCUSD.CRYPTO-BollingerBandsStrategy-000,CRYPTO-001,CRYPTO-1-3397,MARKET,BUY,1,GTC,True,False,1,TAKER,39521.9,0.0,['39.52 USD'],NO_TRIGGER,FILLED,NO_CONTINGENCY,,,,,,,,c7267fd5-e5eb-49e5-b0d9-eddb621cf5d8,2022-04-11 00:00:00+00:00,2022-04-11 00:00:00+00:00
BACKTESTER-001,BollingerBandsStrategy-000,BTCUSD.CRYPTO,CRYPTO-1-131,BTCUSD.CRYPTO-BollingerBandsStrategy-000,CRYPTO-001,CRYPTO-1-3398,MARKET,BUY,1,GTC,False,False,1,TAKER,39521.9,0.0,['39.52 USD'],NO_TRIGGER,FILLED,NO_CONTINGENCY,,,,,,,,d34e7a75-5aa9-4b22-a2a6-5765737daac1,2022-04-11 00:00:00+00:00,2022-04-11 00:00:00+00:00
BACKTESTER-001,BollingerBandsStrategy-000,BTCUSD.CRYPTO,CRYPTO-1-132,BTCUSD.CRYPTO-BollingerBandsStrategy-000,CRYPTO-001,CRYPTO-1-3448,MARKET,SELL,1,GTC,True,False,1,TAKER,31726.39,0.0,['31.73 USD'],NO_TRIGGER,FILLED,NO_CONTINGENCY,,,,,,,,1620c52e-db7a-4920-bf65-a911adb106b3,2022-05-30 00:00:00+00:00,2022-05-30 00:00:00+00:00
BACKTESTER-001,BollingerBandsStrategy-000,BTCUSD.CRYPTO,CRYPTO-1-133,BTCUSD.CRYPTO-BollingerBandsStrategy-000,CRYPTO-001,CRYPTO-1-3449,MARKET,SELL,1,GTC,False,False,1,TAKER,31726.39,0.0,['31.73 USD'],NO_TRIGGER,FILLED,NO_CONTINGENCY,,,,,,,,700cbe82-c9d1-4956-b090-b2b94a92c619,2022-05-30 00:00:00+00:00,2022-05-30 00:00:00+00:00
BACKTESTER-001,BollingerBandsStrategy-000,BTCUSD.CRYPTO,CRYPTO-1-134,BTCUSD.CRYPTO-BollingerBandsStrategy-000,CRYPTO-001,CRYPTO-1-3463,MARKET,BUY,1,GTC,True,False,1,TAKER,26762.65,0.0,['26.76 USD'],NO_TRIGGER,FILLED,NO_CONTINGENCY,,,,,,,,1adc591b-35ac-4e12-a792-86420f4080e0,2022-06-12 00:00:00+00:00,2022-06-12 00:00:00+00:00
BACKTESTER-001,BollingerBandsStrategy-000,BTCUSD.CRYPTO,CRYPTO-1-135,BTCUSD.CRYPTO-BollingerBandsStrategy-000,CRYPTO-001,CRYPTO-1-3464,MARKET,BUY,1,GTC,False,False,1,TAKER,26762.65,0.0,['26.76 USD'],NO_TRIGGER,FILLED,NO_CONTINGENCY,,,,,,,,8ae95974-f730-417a-8d53-73dc4d07977d,2022-06-12 00:00:00+00:00,2022-06-12 00:00:00+00:00
BACKTESTER-001,BollingerBandsStrategy-000,BTCUSD.CRYPTO,CRYPTO-1-136,BTCUSD.CRYPTO-BollingerBandsStrategy-000,CRYPTO-001,CRYPTO-1-3501,MARKET,SELL,1,GTC,True,False,1,TAKER,22485.69,0.0,['22.49 USD'],NO_TRIGGER,FILLED,NO_CONTINGENCY,,,,,,,,de0d8a19-2797-4e9b-926a-fb65b9185fe7,2022-07-18 00:00:00+00:00,2022-07-18 00:00:00+00:00
BACKTESTER-001,BollingerBandsStrategy-000,BTCUSD.CRYPTO,CRYPTO-1-137,BTCUSD.CRYPTO-BollingerBandsStrategy-000,CRYPTO-001,CRYPTO-1-3502,MARKET,SELL,1,GTC,False,False,1,TAKER,22485.69,0.0,['22.49 USD'],NO_TRIGGER,FILLED,NO_CONTINGENCY,,,,,,,,2304f628-f649-4367-ac51-c9db79742886,2022-07-18 00:00:00+00:00,2022-07-18 00:00:00+00:00
BACKTESTER-001,BollingerBandsStrategy-000,BTCUSD.CRYPTO,CRYPTO-1-138,BTCUSD.CRYPTO-BollingerBandsStrategy-000,CRYPTO-001,CRYPTO-1-3535,MARKET,BUY,1,GTC,True,False,1,TAKER,20877.55,0.0,['20.88 USD'],NO_TRIGGER,FILLED,NO_CONTINGENCY,,,,,,,,b050991f-6576-4ed4-9c33-a5ac2f5ee8c7,2022-08-19 00:00:00+00:00,2022-08-19 00:00:00+00:00
BACKTESTER-001,BollingerBandsStrategy-000,BTCUSD.CRYPTO,CRYPTO-1-139,BTCUSD.CRYPTO-BollingerBandsStrategy-000,CRYPTO-001,CRYPTO-1-3536,MARKET,BUY,1,GTC,False,False,1,TAKER,20877.55,0.0,['20.88 USD'],NO_TRIGGER,FILLED,NO_CONTINGENCY,,,,,,,,1ff7e354-6f69-46b5-8b12-5b2c61553cbe,2022-08-19 00:00:00+00:00,2022-08-19 00:00:00+00:00
BACKTESTER-001,BollingerBandsStrategy-000,BTCUSD.CRYPTO,CRYPTO-1-140,BTCUSD.CRYPTO-BollingerBandsStrategy-000,CRYPTO-001,CRYPTO-1-3561,MARKET,SELL,1,GTC,True,False,1,TAKER,22370.45,0.0,['22.37 USD'],NO_TRIGGER,FILLED,NO_CONTINGENCY,,,,,,,,9cce8c18-16cb-4338-983a-306131f817b7,2022-09-12 00:00:00+00:00,2022-09-12 00:00:00+00:00
BACKTESTER-001,BollingerBandsStrategy-000,BTCUSD.CRYPTO,CRYPTO-1-141,BTCUSD.CRYPTO-BollingerBandsStrategy-000,CRYPTO-001,CRYPTO-1-3562,MARKET,SELL,1,GTC,False,False,1,TAKER,22370.45,0.0,['22.37 USD'],NO_TRIGGER,FILLED,NO_CONTINGENCY,,,,,,,,ccfc0dd3-db23-46f5-b3ee-b7009acd7f9e,2022-09-12 00:00:00+00:00,2022-09-12 00:00:00+00:00
BACKTESTER-001,BollingerBandsStrategy-000,BTCUSD.CRYPTO,CRYPTO-1-142,BTCUSD.CRYPTO-BollingerBandsStrategy-000,CRYPTO-001,CRYPTO-1-3620,MARKET,BUY,1,GTC,True,False,1,TAKER,18541.27,0.0,['18.54 USD'],NO_TRIGGER,FILLED,NO_CONTINGENCY,,,,,,,,320048e7-5a8b-4e05-b8a5-07c6166e5680,2022-11-08 00:00:00+00:00,2022-11-08 00:00:00+00:00
BACKTESTER-001,BollingerBandsStrategy-000,BTCUSD.CRYPTO,CRYPTO-1-143,BTCUSD.CRYPTO-BollingerBandsStrategy-000,CRYPTO-001,CRYPTO-1-3621,MARKET,BUY,1,GTC,False,False,1,TAKER,18541.27,0.0,['18.54 USD'],NO_TRIGGER,FILLED,NO_CONTINGENCY,,,,,,,,cc89762d-34bd-42ab-bfff-23c7b38a4c7d,2022-11-08 00:00:00+00:00,2022-11-08 00:00:00+00:00
BACKTESTER-001,BollingerBandsStrategy-000,BTCUSD.CRYPTO,CRYPTO-1-144,BTCUSD.CRYPTO-BollingerBandsStrategy-000,CRYPTO-001,CRYPTO-1-3644,MARKET,SELL,1,GTC,True,False,1,TAKER,17168.57,0.0,['17.17 USD'],NO_TRIGGER,FILLED,NO_CONTINGENCY,,,,,,,,a722712f-b663-45a8-b295-4287b50f4f78,2022-11-30 00:00:00+00:00,2022-11-30 00:00:00+00:00
BACKTESTER-001,BollingerBandsStrategy-000,BTCUSD.CRYPTO,CRYPTO-1-145,BTCUSD.CRYPTO-BollingerBandsStrategy-000,CRYPTO-001,CRYPTO-1-3645,MARKET,SELL,1,GTC,False,False,1,TAKER,17168.57,0.0,['17.17 USD'],NO_TRIGGER,FILLED,NO_CONTINGENCY,,,,,,,,3bbdb498-bbb0-44ab-b5d3-ad285b0bd6d1,2022-11-30 00:00:00+00:00,2022-11-30 00:00:00+00:00
BACKTESTER-001,BollingerBandsStrategy-000,BTCUSD.CRYPTO,CRYPTO-1-146,BTCUSD.CRYPTO-BollingerBandsStrategy-000,CRYPTO-001,CRYPTO-1-3665,MARKET,BUY,1,GTC,True,False,1,TAKER,16439.68,0.0,['16.44 USD'],NO_TRIGGER,FILLED,NO_CONTINGENCY,,,,,,,,38cf7d69-2eaa-478a-880a-d432bdde5129,2022-12-19 00:00:00+00:00,2022-12-19 00:00:00+00:00
BACKTESTER-001,BollingerBandsStrategy-000,BTCUSD.CRYPTO,CRYPTO-1-147,BTCUSD.CRYPTO-BollingerBandsStrategy-000,CRYPTO-001,CRYPTO-1-3666,MARKET,BUY,1,GTC,False,False,1,TAKER,16439.68,0.0,['16.44 USD'],NO_TRIGGER,FILLED,NO_CONTINGENCY,,,,,,,,2f0b4ae3-fcf5-4ef2-8512-11bf38ef2e6e,2022-12-19 00:00:00+00:00,2022-12-19 00:00:00+00:00
BACKTESTER-001,BollingerBandsStrategy-000,BTCUSD.CRYPTO,CRYPTO-1-148,BTCUSD.CRYPTO-BollingerBandsStrategy-000,CRYPTO-001,CRYPTO-1-3687,MARKET,SELL,1,GTC,True,False,1,TAKER,17091.14,0.0,['17.09 USD'],NO_TRIGGER,FILLED,NO_CONTINGENCY,,,,,,,,08a7f3c4-8e7b-4863-9956-dea7811f7a73,2023-01-08 00:00:00+00:00,2023-01-08 00:00:00+00:00
BACKTESTER-001,BollingerBandsStrategy-000,BTCUSD.CRYPTO,CRYPTO-1-149,BTCUSD.CRYPTO-BollingerBandsStrategy-000,CRYPTO-001,CRYPTO-1-3688,MARKET,SELL,1,GTC,False,False,1,TAKER,17091.14,0.0,['17.09 USD'],NO_TRIGGER,FILLED,NO_CONTINGENCY,,,,,,,,7d6c1c51-50c2-4e79-b463-541385b59b62,2023-01-08 00:00:00+00:00,2023-01-08 00:00:00+00:00
BACKTESTER-001,BollingerBandsStrategy-000,BTCUSD.CRYPTO,CRYPTO-1-150,BTCUSD.CRYPTO-BollingerBandsStrategy-000,CRYPTO-001,CRYPTO-1-3721,MARKET,BUY,1,GTC,True,False,1,TAKER,21819.04,0.0,['21.82 USD'],NO_TRIGGER,FILLED,NO_CONTINGENCY,,,,,,,,2f95f26a-7feb-4f0e-8c9d-fb1d6f4037ab,2023-02-09 00:00:00+00:00,2023-02-09 00:00:00+00:00
BACKTESTER-001,BollingerBandsStrategy-000,BTCUSD.CRYPTO,CRYPTO-1-151,BTCUSD.CRYPTO-BollingerBandsStrategy-000,CRYPTO-001,CRYPTO-1-3722,MARKET,BUY,1,GTC,False,False,1,TAKER,21819.04,0.0,['21.82 USD'],NO_TRIGGER,FILLED,NO_CONTINGENCY,,,,,,,,2a551774-0bfc-48f9-9d43-519131c51015,2023-02-09 00:00:00+00:00,2023-02-09 00:00:00+00:00
BACKTESTER-001,BollingerBandsStrategy-000,BTCUSD.CRYPTO,CRYPTO-1-152,BTCUSD.CRYPTO-BollingerBandsStrategy-000,CRYPTO-001,CRYPTO-1-3729,MARKET,SELL,1,GTC,True,False,1,TAKER,24307.84,0.0,['24.31 USD'],NO_TRIGGER,FILLED,NO_CONTINGENCY,,,,,,,,a3457226-d563-41d8-90cf-3c2a4da85faa,2023-02-15 00:00:00+00:00,2023-02-15 00:00:00+00:00
BACKTESTER-001,BollingerBandsStrategy-000,BTCUSD.CRYPTO,CRYPTO-1-153,BTCUSD.CRYPTO-BollingerBandsStrategy-000,CRYPTO-001,CRYPTO-1-3730,MARKET,SELL,1,GTC,False,False,1,TAKER,24307.84,0.0,['24.31 USD'],NO_TRIGGER,FILLED,NO_CONTINGENCY,,,,,,,,f2f2a08d-ea1b-4a85-a1e9-f82d861703a9,2023-02-15 00:00:00+00:00,2023-02-15 00:00:00+00:00
BACKTESTER-001,BollingerBandsStrategy-000,BTCUSD.CRYPTO,CRYPTO-1-154,BTCUSD.CRYPTO-BollingerBandsStrategy-000,CRYPTO-001,CRYPTO-1-3752,MARKET,BUY,1,GTC,True,False,1,TAKER,21718.08,0.0,['21.72 USD'],NO_TRIGGER,FILLED,NO_CONTINGENCY,,,,,,,,b1f773cd-54d0-4229-b7b7-6b0193d92fee,2023-03-08 00:00:00+00:00,2023-03-08 00:00:00+00:00
BACKTESTER-001,BollingerBandsStrategy-000,BTCUSD.CRYPTO,CRYPTO-1-155,BTCUSD.CRYPTO-BollingerBandsStrategy-000,CRYPTO-001,CRYPTO-1-3753,MARKET,BUY,1,GTC,False,False,1,TAKER,21718.08,0.0,['21.72 USD'],NO_TRIGGER,FILLED,NO_CONTINGENCY,,,,,,,,f5845548-ece5-49c8-b5b0-ba479a3163f7,2023-03-08 00:00:00+00:00,2023-03-08 00:00:00+00:00
BACKTESTER-001,BollingerBandsStrategy-000,BTCUSD.CRYPTO,CRYPTO-1-156,BTCUSD.CRYPTO-BollingerBandsStrategy-000,CRYPTO-001,CRYPTO-1-3763,MARKET,SELL,1,GTC,True,False,1,TAKER,27423.93,0.0,['27.42 USD'],NO_TRIGGER,FILLED,NO_CONTINGENCY,,,,,,,,e568ffe4-cea6-4d15-812d-4651e94ca5ff,2023-03-17 00:00:00+00:00,2023-03-17 00:00:00+00:00
BACKTESTER-001,BollingerBandsStrategy-000,BTCUSD.CRYPTO,CRYPTO-1-157,BTCUSD.CRYPTO-BollingerBandsStrategy-000,CRYPTO-001,CRYPTO-1-3764,MARKET,SELL,1,GTC,False,False,1,TAKER,27423.93,0.0,['27.42 USD'],NO_TRIGGER,FILLED,NO_CONTINGENCY,,,,,,,,2721d4e2-93fb-48e4-9cd5-e1d4aae16f9c,2023-03-17 00:00:00+00:00,2023-03-17 00:00:00+00:00
BACKTESTER-001,BollingerBandsStrategy-000,BTCUSD.CRYPTO,CRYPTO-1-158,BTCUSD.CRYPTO-BollingerBandsStrategy-000,CRYPTO-001,CRYPTO-1-3845,MARKET,BUY,1,GTC,True,False,1,TAKER,25760.1,0.0,['25.76 USD'],NO_TRIGGER,FILLED,NO_CONTINGENCY,,,,,,,,f1603a83-0619-481a-99be-6e69e78bd16f,2023-06-05 00:00:00+00:00,2023-06-05 00:00:00+00:00
BACKTESTER-001,BollingerBandsStrategy-000,BTCUSD.CRYPTO,CRYPTO-1-159,BTCUSD.CRYPTO-BollingerBandsStrategy-000,CRYPTO-001,CRYPTO-1-3846,MARKET,BUY,1,GTC,False,False,1,TAKER,25760.1,0.0,['25.76 USD'],NO_TRIGGER,FILLED,NO_CONTINGENCY,,,,,,,,1b96ce0f-cd90-4ed6-8b75-5a982c1c1d48,2023-06-05 00:00:00+00:00,2023-06-05 00:00:00+00:00
BACKTESTER-001,BollingerBandsStrategy-000,BTCUSD.CRYPTO,CRYPTO-1-160,BTCUSD.CRYPTO-BollingerBandsStrategy-000,CRYPTO-001,CRYPTO-1-3862,MARKET,SELL,1,GTC,True,False,1,TAKER,28327.49,0.0,['28.33 USD'],NO_TRIGGER,FILLED,NO_CONTINGENCY,,,,,,,,180177aa-3bf8-4ca6-bc93-f1dee5d7cb74,2023-06-20 00:00:00+00:00,2023-06-20 00:00:00+00:00
BACKTESTER-001,BollingerBandsStrategy-000,BTCUSD.CRYPTO,CRYPTO-1-161,BTCUSD.CRYPTO-BollingerBandsStrategy-000,CRYPTO-001,CRYPTO-1-3863,MARKET,SELL,1,GTC,False,False,1,TAKER,28327.49,0.0,['28.33 USD'],NO_TRIGGER,FILLED,NO_CONTINGENCY,,,,,,,,c03666ce-5247-4197-afc6-fbe5d339afcd,2023-06-20 00:00:00+00:00,2023-06-20 00:00:00+00:00
BACKTESTER-001,BollingerBandsStrategy-000,BTCUSD.CRYPTO,CRYPTO-1-162,BTCUSD.CRYPTO-BollingerBandsStrategy-000,CRYPTO-001,CRYPTO-1-3892,MARKET,BUY,1,GTC,True,False,1,TAKER,29856.56,0.0,['29.86 USD'],NO_TRIGGER,FILLED,NO_CONTINGENCY,,,,,,,,91f27be1-1eec-4982-857c-9e0fddaff582,2023-07-18 00:00:00+00:00,2023-07-18 00:00:00+00:00
BACKTESTER-001,BollingerBandsStrategy-000,BTCUSD.CRYPTO,CRYPTO-1-163,BTCUSD.CRYPTO-BollingerBandsStrategy-000,CRYPTO-001,CRYPTO-1-3893,MARKET,BUY,1,GTC,False,False,1,TAKER,29856.56,0.0,['29.86 USD'],NO_TRIGGER,FILLED,NO_CONTINGENCY,,,,,,,,6973de16-4704-404f-81f8-f5a135b636b5,2023-07-18 00:00:00+00:00,2023-07-18 00:00:00+00:00
BACKTESTER-001,BollingerBandsStrategy-000,BTCUSD.CRYPTO,CRYPTO-1-164,BTCUSD.CRYPTO-BollingerBandsStrategy-000,CRYPTO-001,CRYPTO-1-3957,MARKET,SELL,1,GTC,True,False,1,TAKER,27211.12,0.0,['27.21 USD'],NO_TRIGGER,FILLED,NO_CONTINGENCY,,,,,,,,84a7e7b3-1739-4b87-b448-19b6ac40cca4,2023-09-19 00:00:00+00:00,2023-09-19 00:00:00+00:00
BACKTESTER-001,BollingerBandsStrategy-000,BTCUSD.CRYPTO,CRYPTO-1-165,BTCUSD.CRYPTO-BollingerBandsStrategy-000,CRYPTO-001,CRYPTO-1-3958,MARKET,SELL,1,GTC,False,False,1,TAKER,27211.12,0.0,['27.21 USD'],NO_TRIGGER,FILLED,NO_CONTINGENCY,,,,,,,,d52d054e-3a14-4b36-b7c3-3731fd7fa483,2023-09-19 00:00:00+00:00,2023-09-19 00:00:00+00:00
BACKTESTER-001,BollingerBandsStrategy-000,BTCUSD.CRYPTO,CRYPTO-1-166,BTCUSD.CRYPTO-BollingerBandsStrategy-000,CRYPTO-001,CRYPTO-1-4084,MARKET,BUY,1,GTC,True,False,1,TAKER,39507.37,0.0,['39.51 USD'],NO_TRIGGER,FILLED,NO_CONTINGENCY,,,,,,,,f7d2f1e1-ca2c-4e07-ab19-171b0c70e2c2,2024-01-22 00:00:00+00:00,2024-01-22 00:00:00+00:00
BACKTESTER-001,BollingerBandsStrategy-000,BTCUSD.CRYPTO,CRYPTO-1-167,BTCUSD.CRYPTO-BollingerBandsStrategy-000,CRYPTO-001,CRYPTO-1-4085,MARKET,BUY,1,GTC,False,False,1,TAKER,39507.37,0.0,['39.51 USD'],NO_TRIGGER,FILLED,NO_CONTINGENCY,,,,,,,,9f8702e1-4926-4cf4-addb-d17f1a8a5693,2024-01-22 00:00:00+00:00,2024-01-22 00:00:00+00:00
BACKTESTER-001,BollingerBandsStrategy-000,BTCUSD.CRYPTO,CRYPTO-1-168,BTCUSD.CRYPTO-BollingerBandsStrategy-000,CRYPTO-001,CRYPTO-1-4103,MARKET,SELL,1,GTC,True,False,1,TAKER,45301.57,0.0,['45.30 USD'],NO_TRIGGER,FILLED,NO_CONTINGENCY,,,,,,,,71cce9ec-9460-497c-9641-17ff6a97bd8b,2024-02-08 00:00:00+00:00,2024-02-08 00:00:00+00:00
BACKTESTER-001,BollingerBandsStrategy-000,BTCUSD.CRYPTO,CRYPTO-1-169,BTCUSD.CRYPTO-BollingerBandsStrategy-000,CRYPTO-001,CRYPTO-1-4104,MARKET,SELL,1,GTC,False,False,1,TAKER,45301.57,0.0,['45.30 USD'],NO_TRIGGER,FILLED,NO_CONTINGENCY,,,,,,,,5656a1f4-1881-41a5-bbc4-154be945330f,2024-02-08 00:00:00+00:00,2024-02-08 00:00:00+00:00
BACKTESTER-001,BollingerBandsStrategy-000,BTCUSD.CRYPTO,CRYPTO-1-170,BTCUSD.CRYPTO-BollingerBandsStrategy-000,CRYPTO-001,CRYPTO-1-4170,MARKET,BUY,1,GTC,True,False,1,TAKER,63821.47,0.0,['63.82 USD'],NO_TRIGGER,FILLED,NO_CONTINGENCY,,,,,,,,9a9601b4-d707-42f7-b4bc-68e9dfc46d93,2024-04-13 00:00:00+00:00,2024-04-13 00:00:00+00:00
BACKTESTER-001,BollingerBandsStrategy-000,BTCUSD.CRYPTO,CRYPTO-1-171,BTCUSD.CRYPTO-BollingerBandsStrategy-000,CRYPTO-001,CRYPTO-1-4171,MARKET,BUY,1,GTC,False,False,1,TAKER,63821.47,0.0,['63.82 USD'],NO_TRIGGER,FILLED,NO_CONTINGENCY,,,,,,,,a5a53ce8-e79f-4660-b1a3-cb4ecb75e584,2024-04-13 00:00:00+00:00,2024-04-13 00:00:00+00:00
BACKTESTER-001,BollingerBandsStrategy-000,BTCUSD.CRYPTO,CRYPTO-1-172,BTCUSD.CRYPTO-BollingerBandsStrategy-000,CRYPTO-001,CRYPTO-1-4204,MARKET,SELL,1,GTC,True,False,1,TAKER,66267.49,0.0,['66.27 USD'],NO_TRIGGER,FILLED,NO_CONTINGENCY,,,,,,,,426ea4be-54ad-4a4d-b1d6-1a1b2d56af5a,2024-05-15 00:00:00+00:00,2024-05-15 00:00:00+00:00
BACKTESTER-001,BollingerBandsStrategy-000,BTCUSD.CRYPTO,CRYPTO-1-173,BTCUSD.CRYPTO-BollingerBandsStrategy-000,CRYPTO-001,CRYPTO-1-4205,MARKET,SELL,1,GTC,False,False,1,TAKER,66267.49,0.0,['66.27 USD'],NO_TRIGGER,FILLED,NO_CONTINGENCY,,,,,,,,ed437f07-63a9-4eeb-aed3-bc99611260c3,2024-05-15 00:00:00+00:00,2024-05-15 00:00:00+00:00
BACKTESTER-001,BollingerBandsStrategy-000,BTCUSD.CRYPTO,CRYPTO-1-174,BTCUSD.CRYPTO-BollingerBandsStrategy-000,CRYPTO-001,CRYPTO-1-4236,MARKET,BUY,1,GTC,True,False,1,TAKER,66011.09,0.0,['66.01 USD'],NO_TRIGGER,FILLED,NO_CONTINGENCY,,,,,,,,c58037c3-60ea-4130-a478-6867e0708371,2024-06-14 00:00:00+00:00,2024-06-14 00:00:00+00:00
BACKTESTER-001,BollingerBandsStrategy-000,BTCUSD.CRYPTO,CRYPTO-1-175,BTCUSD.CRYPTO-BollingerBandsStrategy-000,CRYPTO-001,CRYPTO-1-4237,MARKET,BUY,1,GTC,False,False,1,TAKER,66011.09,0.0,['66.01 USD'],NO_TRIGGER,FILLED,NO_CONTINGENCY,,,,,,,,74fb0bad-f822-459f-91d2-d1fa83b37343,2024-06-14 00:00:00+00:00,2024-06-14 00:00:00+00:00
BACKTESTER-001,BollingerBandsStrategy-000,BTCUSD.CRYPTO,CRYPTO-1-176,BTCUSD.CRYPTO-BollingerBandsStrategy-000,CRYPTO-001,CRYPTO-1-4269,MARKET,SELL,1,GTC,True,False,1,TAKER,64870.15,0.0,['64.87 USD'],NO_TRIGGER,FILLED,NO_CONTINGENCY,,,,,,,,bfe854b6-052d-45aa-a159-f15bee61082e,2024-07-15 00:00:00+00:00,2024-07-15 00:00:00+00:00
BACKTESTER-001,BollingerBandsStrategy-000,BTCUSD.CRYPTO,CRYPTO-1-177,BTCUSD.CRYPTO-BollingerBandsStrategy-000,CRYPTO-001,CRYPTO-1-4270,MARKET,SELL,1,GTC,False,False,1,TAKER,64870.15,0.0,['64.87 USD'],NO_TRIGGER,FILLED,NO_CONTINGENCY,,,,,,,,77f0a5e1-6794-4ca8-900f-cb3b2a848367,2024-07-15 00:00:00+00:00,2024-07-15 00:00:00+00:00
BACKTESTER-001,BollingerBandsStrategy-000,BTCUSD.CRYPTO,CRYPTO-1-178,BTCUSD.CRYPTO-BollingerBandsStrategy-000,CRYPTO-001,CRYPTO-1-4289,MARKET,BUY,1,GTC,True,False,1,TAKER,61415.06,0.0,['61.42 USD'],NO_TRIGGER,FILLED,NO_CONTINGENCY,,,,,,,,3e644b65-5f43-4adb-b122-9cdc8a5af5fb,2024-08-02 00:00:00+00:00,2024-08-02 00:00:00+00:00
BACKTESTER-001,BollingerBandsStrategy-000,BTCUSD.CRYPTO,CRYPTO-1-179,BTCUSD.CRYPTO-BollingerBandsStrategy-000,CRYPTO-001,CRYPTO-1-4290,MARKET,BUY,1,GTC,False,False,1,TAKER,61415.06,0.0,['61.42 USD'],NO_TRIGGER,FILLED,NO_CONTINGENCY,,,,,,,,21555ecf-ad68-48c2-8eee-d653251d8164,2024-08-02 00:00:00+00:00,2024-08-02 00:00:00+00:00
BACKTESTER-001,BollingerBandsStrategy-000,BTCUSD.CRYPTO,CRYPTO-1-180,BTCUSD.CRYPTO-BollingerBandsStrategy-000,CRYPTO-001,CRYPTO-1-4312,MARKET,SELL,1,GTC,True,False,1,TAKER,64094.36,0.0,['64.09 USD'],NO_TRIGGER,FILLED,NO_CONTINGENCY,,,,,,,,914a96d9-ea08-43db-af0b-33ed7225fd50,2024-08-23 00:00:00+00:00,2024-08-23 00:00:00+00:00
BACKTESTER-001,BollingerBandsStrategy-000,BTCUSD.CRYPTO,CRYPTO-1-181,BTCUSD.CRYPTO-BollingerBandsStrategy-000,CRYPTO-001,CRYPTO-1-4313,MARKET,SELL,1,GTC,False,False,1,TAKER,64094.36,0.0,['64.09 USD'],NO_TRIGGER,FILLED,NO_CONTINGENCY,,,,,,,,9bf84a8b-41b0-43cc-8af5-d4f6ad1c0a06,2024-08-23 00:00:00+00:00,2024-08-23 00:00:00+00:00
BACKTESTER-001,BollingerBandsStrategy-000,BTCUSD.CRYPTO,CRYPTO-1-182,BTCUSD.CRYPTO-BollingerBandsStrategy-000,CRYPTO-001,CRYPTO-1-4328,MARKET,BUY,1,GTC,True,False,1,TAKER,53948.75,0.0,['53.95 USD'],NO_TRIGGER,FILLED,NO_CONTINGENCY,,,,,,,,6fe1e35d-99da-40aa-8a5c-eb3b9e7bd8ee,2024-09-06 00:00:00+00:00,2024-09-06 00:00:00+00:00
BACKTESTER-001,BollingerBandsStrategy-000,BTCUSD.CRYPTO,CRYPTO-1-183,BTCUSD.CRYPTO-BollingerBandsStrategy-000,CRYPTO-001,CRYPTO-1-4329,MARKET,BUY,1,GTC,False,False,1,TAKER,53948.75,0.0,['53.95 USD'],NO_TRIGGER,FILLED,NO_CONTINGENCY,,,,,,,,9ccd12bb-7114-47b7-a4f5-65d9cabfa2d2,2024-09-06 00:00:00+00:00,2024-09-06 00:00:00+00:00
BACKTESTER-001,BollingerBandsStrategy-000,BTCUSD.CRYPTO,CRYPTO-1-184,BTCUSD.CRYPTO-BollingerBandsStrategy-000,CRYPTO-001,CRYPTO-1-4342,MARKET,SELL,1,GTC,True,False,1,TAKER,61649.68,0.0,['61.65 USD'],NO_TRIGGER,FILLED,NO_CONTINGENCY,,,,,,,,b2bf1c51-1dce-4efe-b755-28d15abb86c0,2024-09-18 00:00:00+00:00,2024-09-18 00:00:00+00:00
BACKTESTER-001,BollingerBandsStrategy-000,BTCUSD.CRYPTO,CRYPTO-1-185,BTCUSD.CRYPTO-BollingerBandsStrategy-000,CRYPTO-001,CRYPTO-1-4343,MARKET,SELL,1,GTC,False,False,1,TAKER,61649.68,0.0,['61.65 USD'],NO_TRIGGER,FILLED,NO_CONTINGENCY,,,,,,,,07e28726-3375-4844-a553-b4ee51839993,2024-09-18 00:00:00+00:00,2024-09-18 00:00:00+00:00
BACKTESTER-001,BollingerBandsStrategy-000,BTCUSD.CRYPTO,CRYPTO-1-186,BTCUSD.CRYPTO-BollingerBandsStrategy-000,CRYPTO-001,CRYPTO-1-4483,MARKET,BUY,1,GTC,True,False,1,TAKER,97871.82,0.0,['97.87 USD'],NO_TRIGGER,FILLED,NO_CONTINGENCY,,,,,,,,11cf8422-6971-4261-a45c-a94da8124dcd,2025-02-04 00:00:00+00:00,2025-02-04 00:00:00+00:00
BACKTESTER-001,BollingerBandsStrategy-000,BTCUSD.CRYPTO,CRYPTO-1-187,BTCUSD.CRYPTO-BollingerBandsStrategy-000,CRYPTO-001,CRYPTO-1-4484,MARKET,BUY,1,GTC,False,False,1,TAKER,97871.82,0.0,['97.87 USD'],NO_TRIGGER,FILLED,NO_CONTINGENCY,,,,,,,,0bb6d5c9-3598-4fb9-9b8d-a4f47de2a1b6,2025-02-04 00:00:00+00:00,2025-02-04 00:00:00+00:00
BACKTESTER-001,BollingerBandsStrategy-000,BTCUSD.CRYPTO,CRYPTO-1-188,BTCUSD.CRYPTO-BollingerBandsStrategy-000,CRYPTO-001,CRYPTO-1-4562,MARKET,SELL,1,GTC,True,False,1,TAKER,93441.89,0.0,['93.44 USD'],NO_TRIGGER,FILLED,NO_CONTINGENCY,,,,,,,,1b8e1795-6926-45e1-97d9-8452f9f66cf7,2025-04-22 00:00:00+00:00,2025-04-22 00:00:00+00:00
BACKTESTER-001,BollingerBandsStrategy-000,BTCUSD.CRYPTO,CRYPTO-1-189,BTCUSD.CRYPTO-BollingerBandsStrategy-000,CRYPTO-001,CRYPTO-1-4563,MARKET,SELL,1,GTC,False,False,1,TAKER,93441.89,0.0,['93.44 USD'],NO_TRIGGER,FILLED,NO_CONTINGENCY,,,,,,,,5df01a46-29e5-4eab-85a5-7ba8429d6cdd,2025-04-22 00:00:00+00:00,2025-04-22 00:00:00+00:00
BACKTESTER-001,BollingerBandsStrategy-000,BTCUSD.CRYPTO,CRYPTO-1-190,BTCUSD.CRYPTO-BollingerBandsStrategy-000,CRYPTO-001,CRYPTO-1-4608,MARKET,BUY,1,GTC,True,False,1,TAKER,101575.95,0.0,['101.58 USD'],NO_TRIGGER,FILLED,NO_CONTINGENCY,,,,,,,,e1e2b1c6-6185-4f32-8851-74a49a2f8d9d,2025-06-05 00:00:00+00:00,2025-06-05 00:00:00+00:00
BACKTESTER-001,BollingerBandsStrategy-000,BTCUSD.CRYPTO,CRYPTO-1-191,BTCUSD.CRYPTO-BollingerBandsStrategy-000,CRYPTO-001,CRYPTO-1-4609,MARKET,BUY,1,GTC,False,False,1,TAKER,101575.95,0.0,['101.58 USD'],NO_TRIGGER,FILLED,NO_CONTINGENCY,,,,,,,,0d86aa12-e174-46c0-9fbe-69c133bded8d,2025-06-05 00:00:00+00:00,2025-06-05 00:00:00+00:00
BACKTESTER-001,BollingerBandsStrategy-000,BTCUSD.CRYPTO,CRYPTO-1-192,BTCUSD.CRYPTO-BollingerBandsStrategy-000,CRYPTO-001,CRYPTO-1-4645,MARKET,SELL,1,GTC,True,False,1,TAKER,115987.21,0.0,['115.99 USD'],NO_TRIGGER,FILLED,NO_CONTINGENCY,,,,,,,,77e3f87d-78d0-4eaa-a1a6-840e9ac01cf3,2025-07-10 00:00:00+00:00,2025-07-10 00:00:00+00:00
BACKTESTER-001,BollingerBandsStrategy-000,BTCUSD.CRYPTO,CRYPTO-1-193,BTCUSD.CRYPTO-BollingerBandsStrategy-000,CRYPTO-001,CRYPTO-1-4646,MARKET,SELL,1,GTC,False,False,1,TAKER,115987.21,0.0,['115.99 USD'],NO_TRIGGER,FILLED,NO_CONTINGENCY,,,,,,,,230d1fd3-b875-444a-be92-84f6d6b7a0cf,2025-07-10 00:00:00+00:00,2025-07-10 00:00:00+00:00
BACKTESTER-001,BollingerBandsStrategy-000,BTCUSD.CRYPTO,CRYPTO-1-194,BTCUSD.CRYPTO-BollingerBandsStrategy-000,CRYPTO-001,CRYPTO-1-4668,MARKET,BUY,1,GTC,True,False,1,TAKER,115758.2,0.0,['115.76 USD'],NO_TRIGGER,FILLED,NO_CONTINGENCY,,,,,,,,762db731-21b8-43ac-b4a3-759a52fed649,2025-07-31 00:00:00+00:00,2025-07-31 00:00:00+00:00
BACKTESTER-001,BollingerBandsStrategy-000,BTCUSD.CRYPTO,CRYPTO-1-195,BTCUSD.CRYPTO-BollingerBandsStrategy-000,CRYPTO-001,CRYPTO-1-4669,MARKET,BUY,1,GTC,False,False,1,TAKER,115758.2,0.0,['115.76 USD'],NO_TRIGGER,FILLED,NO_CONTINGENCY,,,,,,,,89160845-c035-4986-ad81-f14f48c38ea4,2025-07-31 00:00:00+00:00,2025-07-31 00:00:00+00:00
BACKTESTER-001,BollingerBandsStrategy-000,BTCUSD.CRYPTO,CRYPTO-1-196,BTCUSD.CRYPTO-BollingerBandsStrategy-000,CRYPTO-001,CRYPTO-1-4683,MARKET,SELL,1,GTC,True,False,1,TAKER,123344.06,0.0,['123.34 USD'],NO_TRIGGER,FILLED,NO_CONTINGENCY,,,,,,,,cf3076dd-438b-4b5a-9c57-35d0301a6585,2025-08-13 00:00:00+00:00,2025-08-13 00:00:00+00:00
BACKTESTER-001,BollingerBandsStrategy-000,BTCUSD.CRYPTO,CRYPTO-1-197,BTCUSD.CRYPTO-BollingerBandsStrategy-000,CRYPTO-001,CRYPTO-1-4684,MARKET,SELL,1,GTC,False,False,1,TAKER,123344.06,0.0,['123.34 USD'],NO_TRIGGER,FILLED,NO_CONTINGENCY,,,,,,,,6518c797-aa9c-4a0d-b16e-fe3043e98d7b,2025-08-13 00:00:00+00:00,2025-08-13 00:00:00+00:00
BACKTESTER-001,BollingerBandsStrategy-000,BTCUSD.CRYPTO,CRYPTO-1-198,BTCUSD.CRYPTO-BollingerBandsStrategy-000,CRYPTO-001,CRYPTO-1-4697,MARKET,BUY,1,GTC,True,False,1,TAKER,110124.35,0.0,['110.12 USD'],NO_TRIGGER,FILLED,NO_CONTINGENCY,,,,,,,,2c69041d-220a-4aba-8dfc-b258ab4456cc,2025-08-25 00:00:00+00:00,2025-08-25 00:00:00+00:00
BACKTESTER-001,BollingerBandsStrategy-000,BTCUSD.CRYPTO,CRYPTO-1-199,BTCUSD.CRYPTO-BollingerBandsStrategy-000,CRYPTO-001,CRYPTO-1-4698,MARKET,BUY,1,GTC,False,False,1,TAKER,110124.35,0.0,['110.12 USD'],NO_TRIGGER,FILLED,NO_CONTINGENCY,,,,,,,,07fbc099-375b-441b-a847-eed2de84407e,2025-08-25 00:00:00+00:00,2025-08-25 00:00:00+00:00
BACKTESTER-001,BollingerBandsStrategy-000,BTCUSD.CRYPTO,CRYPTO-1-200,BTCUSD.CRYPTO-BollingerBandsStrategy-000,CRYPTO-001,CRYPTO-1-4716,MARKET,SELL,1,GTC,True,False,1,TAKER,115507.54,0.0,['115.51 USD'],NO_TRIGGER,FILLED,NO_CONTINGENCY,,,,,,,,43fbfdcf-9947-48f2-b019-9e27883805f6,2025-09-11 00:00:00+00:00,2025-09-11 00:00:00+00:00
BACKTESTER-001,BollingerBandsStrategy-000,BTCUSD.CRYPTO,CRYPTO-1-201,BTCUSD.CRYPTO-BollingerBandsStrategy-000,CRYPTO-001,CRYPTO-1-4717,MARKET,SELL,1,GTC,False,False,1,TAKER,115507.54,0.0,['115.51 USD'],NO_TRIGGER,FILLED,NO_CONTINGENCY,,,,,,,,1f7cb240-709f-4744-bcd3-efc29eff32f4,2025-09-11 00:00:00+00:00,2025-09-11 00:00:00+00:00
BACKTESTER-001,BollingerBandsStrategy-000,BTCUSD.CRYPTO,CRYPTO-1-202,BTCUSD.CRYPTO-BollingerBandsStrategy-000,CRYPTO-001,CRYPTO-1-4732,MARKET,BUY,1,GTC,True,False,1,TAKER,109049.29,0.0,['109.05 USD'],NO_TRIGGER,FILLED,NO_CONTINGENCY,,,,,,,,8e2becb3-6d58-4c58-b225-a7047773a580,2025-09-25 00:00:00+00:00,2025-09-25 00:00:00+00:00
BACKTESTER-001,BollingerBandsStrategy-000,BTCUSD.CRYPTO,CRYPTO-1-203,BTCUSD.CRYPTO-BollingerBandsStrategy-000,CRYPTO-001,CRYPTO-1-4733,MARKET,BUY,1,GTC,False,False,1,TAKER,109049.29,0.0,['109.05 USD'],NO_TRIGGER,FILLED,NO_CONTINGENCY,,,,,,,,a1c68ec7-6219-448f-bf92-dadf1486752c,2025-09-25 00:00:00+00:00,2025-09-25 00:00:00+00:00
BACKTESTER-001,BollingerBandsStrategy-000,BTCUSD.CRYPTO,CRYPTO-1-204,BTCUSD.CRYPTO-BollingerBandsStrategy-000,CRYPTO-001,CRYPTO-1-4741,MARKET,SELL,1,GTC,True,False,1,TAKER,120681.26,0.0,['120.68 USD'],NO_TRIGGER,FILLED,NO_CONTINGENCY,,,,,,,,92c5fe50-a64a-4b60-9064-053d060666e4,2025-10-02 00:00:00+00:00,2025-10-02 00:00:00+00:00
BACKTESTER-001,BollingerBandsStrategy-000,BTCUSD.CRYPTO,CRYPTO-1-205,BTCUSD.CRYPTO-BollingerBandsStrategy-000,CRYPTO-001,CRYPTO-1-4742,MARKET,SELL,1,GTC,False,False,1,TAKER,120681.26,0.0,['120.68 USD'],NO_TRIGGER,FILLED,NO_CONTINGENCY,,,,,,,,317e278a-6b0d-49e2-9c68-ffa42133c421,2025-10-02 00:00:00+00:00,2025-10-02 00:00:00+00:00
BACKTESTER-001,BollingerBandsStrategy-000,BTCUSD.CRYPTO,CRYPTO-1-206,BTCUSD.CRYPTO-BollingerBandsStrategy-000,CRYPTO-001,CRYPTO-1-4776,MARKET,BUY,1,GTC,True,False,1,TAKER,101590.52,0.0,['101.59 USD'],NO_TRIGGER,FILLED,NO_CONTINGENCY,,,,,,,,2cdb5a95-0773-4ada-9629-a16eca5a24b7,2025-11-04 00:00:00+00:00,2025-11-04 00:00:00+00:00
BACKTESTER-001,BollingerBandsStrategy-000,BTCUSD.CRYPTO,CRYPTO-1-207,BTCUSD.CRYPTO-BollingerBandsStrategy-000,CRYPTO-001,CRYPTO-1-4777,MARKET,BUY,1,GTC,False,False,1,TAKER,101590.52,0.0,['101.59 USD'],NO_TRIGGER,FILLED,NO_CONTINGENCY,,,,,,,,01065f53-b8a8-4853-a6dc-e22db14eb70b,2025-11-04 00:00:00+00:00,2025-11-04 00:00:00+00:00
BACKTESTER-001,BollingerBandsStrategy-000,BTCUSD.CRYPTO,CRYPTO-1-208,BTCUSD.CRYPTO-BollingerBandsStrategy-000,CRYPTO-001,CRYPTO-1-4837,MARKET,SELL,1,GTC,True,False,1,TAKER,89944.69,0.0,['89.94 USD'],NO_TRIGGER,FILLED,NO_CONTINGENCY,,,,,,,,ef4c4136-109e-402e-9845-8afa2ef2fbd1,2026-01-02 00:00:00+00:00,2026-01-02 00:00:00+00:00
BACKTESTER-001,BollingerBandsStrategy-000,BTCUSD.CRYPTO,CRYPTO-1-209,BTCUSD.CRYPTO-BollingerBandsStrategy-000,CRYPTO-001,CRYPTO-1-4838,MARKET,SELL,1,GTC,False,False,1,TAKER,89944.69,0.0,['89.94 USD'],NO_TRIGGER,FILLED,NO_CONTINGENCY,,,,,,,,715b8fc5-965e-4e98-9ad8-60f022aa3a70,2026-01-02 00:00:00+00:00,2026-01-02 00:00:00+00:00
BACKTESTER-001,BollingerBandsStrategy-000,BTCUSD.CRYPTO,CRYPTO-1-210,BTCUSD.CRYPTO-BollingerBandsStrategy-000,CRYPTO-001,CRYPTO-1-4862,MARKET,BUY,1,GTC,True,False,1,TAKER,86572.22,0.0,['86.57 USD'],NO_TRIGGER,FILLED,NO_CONTINGENCY,,,,,,,,15d5bffe-7507-409d-9c6e-c88bfa2883f5,2026-01-25 00:00:00+00:00,2026-01-25 00:00:00+00:00
BACKTESTER-001,BollingerBandsStrategy-000,BTCUSD.CRYPTO,CRYPTO-1-211,BTCUSD.CRYPTO-BollingerBandsStrategy-000,CRYPTO-001,CRYPTO-1-4863,MARKET,BUY,1,GTC,False,False,1,TAKER,86572.22,0.0,['86.57 USD'],NO_TRIGGER,FILLED,NO_CONTINGENCY,,,,,,,,1de88ce4-4e65-4c64-a733-901666eca567,2026-01-25 00:00:00+00:00,2026-01-25 00:00:00+00:00
BACKTESTER-001,BollingerBandsStrategy-000,BTCUSD.CRYPTO,CRYPTO-1-212,BTCUSD.CRYPTO-BollingerBandsStrategy-000,CRYPTO-001,CRYPTO-1-4902,MARKET,SELL,1,GTC,True,False,1,TAKER,72710.58,0.0,['72.71 USD'],NO_TRIGGER,FILLED,NO_CONTINGENCY,,,,,,,,8c3326bb-9390-443f-b8eb-a393bb6ee8ed,2026-03-04 00:00:00+00:00,2026-03-04 00:00:00+00:00
BACKTESTER-001,BollingerBandsStrategy-000,BTCUSD.CRYPTO,CRYPTO-1-213,BTCUSD.CRYPTO-BollingerBandsStrategy-000,CRYPTO-001,CRYPTO-1-4903,MARKET,SELL,1,GTC,False,False,1,TAKER,72710.58,0.0,['72.71 USD'],NO_TRIGGER,FILLED,NO_CONTINGENCY,,,,,,,,49bf0472-1b00-4257-ae65-dea7d4f90661,2026-03-04 00:00:00+00:00,2026-03-04 00:00:00+00:00
BACKTESTER-001,BollingerBandsStrategy-000,BTCUSD.CRYPTO,CRYPTO-1-214,BTCUSD.CRYPTO-BollingerBandsStrategy-000,CRYPTO-001,CRYPTO-1-4910,MARKET,BUY,1,GTC,True,False,1,TAKER,69926.92,0.0,['69.93 USD'],NO_TRIGGER,FILLED,NO_CONTINGENCY,,,,,,,,017654ea-33c3-4171-add0-fb4f79783779,2026-03-10 00:00:00+00:00,2026-03-10 00:00:00+00:00
